mean_test_AUC,std_test_AUC,rank_test_AUC,mean_test_accuracy,std_test_accuracy,rank_test_accuracy,mean_test_precision,std_test_precision,rank_test_precision,mean_test_recall,std_test_recall,rank_test_recall,mean_test_f1,std_test_f1,rank_test_f1,params,true_rate,modelname,seed
0.9621315789473683,0.025156772557415615,2,0.99475,0.0036571847095819526,1,0.9891891891891891,0.021621621621621623,1,0.905,0.06595452979136458,2,0.944011544011544,0.039931268239949136,1,"{'max_depth': 7, 'min_impurity_decrease': 0.0, 'min_samples_leaf': 2, 'min_samples_split': 2, 'min_weight_fraction_leaf': 0.0, 'splitter': 'best'}",0.05,DT,0
0.967141447368421,0.027129146031610193,1,0.9942500000000001,0.004153311931459016,2,0.975,0.049999999999999996,2,0.9099999999999999,0.05147815070493501,1,0.9404652602021024,0.041869466570943085,2,"{'max_depth': 8, 'min_impurity_decrease': 0.0, 'min_samples_leaf': 2, 'min_samples_split': 2, 'min_weight_fraction_leaf': 0.0, 'splitter': 'best'}",0.05,DT,0
0.9758322368421052,0.017162182625335684,3,0.991,0.0016583123951777014,3,1.0,0.0,1,0.8200000000000001,0.033166247903553984,3,0.9007361673848265,0.019908608116820305,3,"{'bootstrap': True, 'ccp_alpha': 0.0, 'criterion': 'gini', 'max_features': 'auto', 'min_impurity_decrease': 0.0, 'min_samples_leaf': 1, 'min_samples_split': 2, 'min_weight_fraction_leaf': 0.0, 'n_estimators': 10, 'oob_score': False, 'verbose': 0, 'warm_start': False}",0.05,RF,0
0.9804934210526316,0.019635901417572123,2,0.99275,0.0020000000000000044,1,0.9947368421052631,0.010526315789473672,2,0.86,0.04636809247747853,1,0.9216007533238969,0.023590312099570326,1,"{'bootstrap': True, 'ccp_alpha': 0.0, 'criterion': 'gini', 'max_features': 'auto', 'min_impurity_decrease': 0.0, 'min_samples_leaf': 1, 'min_samples_split': 2, 'min_weight_fraction_leaf': 0.0, 'n_estimators': 15, 'oob_score': False, 'verbose': 0, 'warm_start': False}",0.05,RF,0
0.9906184210526316,0.01082149152582448,1,0.9925,0.0020916500663351973,2,0.9947368421052631,0.010526315789473672,2,0.8550000000000001,0.04847679857416331,2,0.9186388873483322,0.02464710720016385,2,"{'bootstrap': True, 'ccp_alpha': 0.0, 'criterion': 'gini', 'max_features': 'auto', 'min_impurity_decrease': 0.0, 'min_samples_leaf': 1, 'min_samples_split': 2, 'min_weight_fraction_leaf': 0.0, 'n_estimators': 20, 'oob_score': False, 'verbose': 0, 'warm_start': False}",0.05,RF,0
0.48813157894736836,0.048701495642379515,4,0.95,0.0,2,0.0,0.0,2,0.0,0.0,2,0.0,0.0,2,"{'activation': 'tanh', 'alpha': 0.0001, 'batch_size': 'auto', 'beta_1': 0.9, 'beta_2': 0.999, 'early_stopping': False, 'epsilon': 1e-08, 'hidden_layer_sizes': (10, 10), 'learning_rate': 'adaptive', 'learning_rate_init': 0.001, 'max_fun': 15000, 'max_iter': 2000, 'momentum': 0.9, 'n_iter_no_change': 10, 'nesterovs_momentum': True, 'power_t': 0.5, 'shuffle': True, 'solver': 'adam', 'tol': 0.0001, 'validation_fraction': 0.1, 'verbose': False, 'warm_start': False}",0.05,NN,0
0.5299934210526317,0.02169715148227065,3,0.95,0.0,2,0.0,0.0,2,0.0,0.0,2,0.0,0.0,2,"{'activation': 'tanh', 'alpha': 0.0001, 'batch_size': 'auto', 'beta_1': 0.9, 'beta_2': 0.999, 'early_stopping': False, 'epsilon': 1e-08, 'hidden_layer_sizes': (10, 10), 'learning_rate': 'adaptive', 'learning_rate_init': 0.001, 'max_fun': 15000, 'max_iter': 2000, 'momentum': 0.9, 'n_iter_no_change': 10, 'nesterovs_momentum': True, 'power_t': 0.5, 'shuffle': True, 'solver': 'lbfgs', 'tol': 0.0001, 'validation_fraction': 0.1, 'verbose': False, 'warm_start': False}",0.05,NN,0
0.6001447368421052,0.12175061279757844,2,0.95,0.0,2,0.0,0.0,2,0.0,0.0,2,0.0,0.0,2,"{'activation': 'tanh', 'alpha': 0.0001, 'batch_size': 'auto', 'beta_1': 0.9, 'beta_2': 0.999, 'early_stopping': False, 'epsilon': 1e-08, 'hidden_layer_sizes': (25, 25), 'learning_rate': 'adaptive', 'learning_rate_init': 0.001, 'max_fun': 15000, 'max_iter': 2000, 'momentum': 0.9, 'n_iter_no_change': 10, 'nesterovs_momentum': True, 'power_t': 0.5, 'shuffle': True, 'solver': 'adam', 'tol': 0.0001, 'validation_fraction': 0.1, 'verbose': False, 'warm_start': False}",0.05,NN,0
0.6083749999999999,0.1950894432383619,1,0.9572499999999999,0.014500000000000002,1,0.17435897435897435,0.3487179487179487,1,0.16999999999999998,0.33999999999999997,1,0.17215189873417722,0.34430379746835443,1,"{'activation': 'tanh', 'alpha': 0.0001, 'batch_size': 'auto', 'beta_1': 0.9, 'beta_2': 0.999, 'early_stopping': False, 'epsilon': 1e-08, 'hidden_layer_sizes': (25, 25), 'learning_rate': 'adaptive', 'learning_rate_init': 0.001, 'max_fun': 15000, 'max_iter': 2000, 'momentum': 0.9, 'n_iter_no_change': 10, 'nesterovs_momentum': True, 'power_t': 0.5, 'shuffle': True, 'solver': 'lbfgs', 'tol': 0.0001, 'validation_fraction': 0.1, 'verbose': False, 'warm_start': False}",0.05,NN,0
0.9957697368421053,0.0028134982069773565,10,0.9817500000000001,0.003921096785339559,10,0.98125,0.0375,5,0.6500000000000001,0.08660254037844387,10,0.7774703764549618,0.06016388166972903,10,"{'C': 1.0, 'class_weight': None, 'dual': False, 'fit_intercept': True, 'intercept_scaling': 1, 'l1_ratio': None, 'max_iter': 1000, 'multi_class': 'auto', 'n_jobs': None, 'penalty': 'l2', 'solver': 'liblinear', 'tol': 0.0001, 'verbose': 2, 'warm_start': False}",0.05,LR,0
0.9969802631578947,0.002632516280435692,6,0.9897500000000001,0.0021505813167606753,9,0.9828571428571429,0.034285714285714294,3,0.8099999999999999,0.0254950975679639,9,0.887698033360391,0.022958591505004712,9,"{'C': 2.7825594022071245, 'class_weight': None, 'dual': False, 'fit_intercept': True, 'intercept_scaling': 1, 'l1_ratio': None, 'max_iter': 1000, 'multi_class': 'auto', 'n_jobs': None, 'penalty': 'l2', 'solver': 'liblinear', 'tol': 0.0001, 'verbose': 2, 'warm_start': False}",0.05,LR,0
0.9970328947368422,0.0024185484761116076,4,0.991,0.0026692695630078167,8,0.9775337837837839,0.03170820037122245,8,0.8399999999999999,0.040620192023179805,8,0.9029249846481282,0.02957427654874794,8,"{'C': 7.742636826811269, 'class_weight': None, 'dual': False, 'fit_intercept': True, 'intercept_scaling': 1, 'l1_ratio': None, 'max_iter': 1000, 'multi_class': 'auto', 'n_jobs': None, 'penalty': 'l2', 'solver': 'liblinear', 'tol': 0.0001, 'verbose': 2, 'warm_start': False}",0.05,LR,0
0.9969605263157895,0.0028944826443413653,7,0.9932500000000001,0.002692582403567273,2,0.9846153846153847,0.03076923076923075,1,0.8800000000000001,0.05099019513592783,2,0.9281855216565409,0.029705472229175148,2,"{'C': 21.544346900318832, 'class_weight': None, 'dual': False, 'fit_intercept': True, 'intercept_scaling': 1, 'l1_ratio': None, 'max_iter': 1000, 'multi_class': 'auto', 'n_jobs': None, 'penalty': 'l2', 'solver': 'liblinear', 'tol': 0.0001, 'verbose': 2, 'warm_start': False}",0.05,LR,0
0.9969999999999999,0.0031490693564344063,5,0.9912500000000002,0.004183300132670402,7,0.9689430894308944,0.047245216860832724,10,0.8550000000000001,0.07483314773547882,6,0.905931425931426,0.04752830018502637,7,"{'C': 59.94842503189409, 'class_weight': None, 'dual': False, 'fit_intercept': True, 'intercept_scaling': 1, 'l1_ratio': None, 'max_iter': 1000, 'multi_class': 'auto', 'n_jobs': None, 'penalty': 'l2', 'solver': 'liblinear', 'tol': 0.0001, 'verbose': 2, 'warm_start': False}",0.05,LR,0
0.9973026315789474,0.002433943797619889,1,0.9935,0.0021505813167606753,1,0.9846153846153847,0.03076923076923075,1,0.885,0.03741657386773941,1,0.9313845101186873,0.02263213945311905,1,"{'C': 166.81005372000593, 'class_weight': None, 'dual': False, 'fit_intercept': True, 'intercept_scaling': 1, 'l1_ratio': None, 'max_iter': 1000, 'multi_class': 'auto', 'n_jobs': None, 'penalty': 'l2', 'solver': 'liblinear', 'tol': 0.0001, 'verbose': 2, 'warm_start': False}",0.05,LR,0
0.997078947368421,0.002443208830735071,3,0.99275,0.0026692695630078167,3,0.9794871794871796,0.04102564102564101,6,0.875,0.03535533905932741,3,0.9235023678837392,0.027482390719139837,3,"{'C': 464.15888336127773, 'class_weight': None, 'dual': False, 'fit_intercept': True, 'intercept_scaling': 1, 'l1_ratio': None, 'max_iter': 1000, 'multi_class': 'auto', 'n_jobs': None, 'penalty': 'l2', 'solver': 'liblinear', 'tol': 0.0001, 'verbose': 2, 'warm_start': False}",0.05,LR,0
0.9960526315789473,0.0030579723017610336,9,0.99275,0.003657184709581978,3,0.9783783783783784,0.043243243243243246,7,0.875,0.04183300132670378,3,0.9234174834174833,0.03795852164886946,4,"{'C': 1291.5496650148827, 'class_weight': None, 'dual': False, 'fit_intercept': True, 'intercept_scaling': 1, 'l1_ratio': None, 'max_iter': 1000, 'multi_class': 'auto', 'n_jobs': None, 'penalty': 'l2', 'solver': 'liblinear', 'tol': 0.0001, 'verbose': 2, 'warm_start': False}",0.05,LR,0
0.9960789473684211,0.0029173310811628776,8,0.9915,0.0034820970692960402,6,0.9823529411764707,0.03529411764705884,4,0.845,0.04301162633521314,7,0.9083136200367635,0.038074258110630026,6,"{'C': 3593.813663804626, 'class_weight': None, 'dual': False, 'fit_intercept': True, 'intercept_scaling': 1, 'l1_ratio': None, 'max_iter': 1000, 'multi_class': 'auto', 'n_jobs': None, 'penalty': 'l2', 'solver': 'liblinear', 'tol': 0.0001, 'verbose': 2, 'warm_start': False}",0.05,LR,0
0.9971907894736842,0.00260135605484904,2,0.9925,0.002371708245126269,5,0.975609756097561,0.048780487804878044,9,0.875,0.03162277660168382,3,0.9213369213369214,0.023007246568554417,5,"{'C': 10000.0, 'class_weight': None, 'dual': False, 'fit_intercept': True, 'intercept_scaling': 1, 'l1_ratio': None, 'max_iter': 1000, 'multi_class': 'auto', 'n_jobs': None, 'penalty': 'l2', 'solver': 'liblinear', 'tol': 0.0001, 'verbose': 2, 'warm_start': False}",0.05,LR,0
0.9846145833333333,0.012861929222764506,1,0.98925,0.003316624790355396,2,0.9521245091245092,0.03748018066645727,2,0.9425000000000001,0.03409545424246465,2,0.9461558544498759,0.015896422989552857,2,"{'max_depth': 7, 'min_impurity_decrease': 0.0, 'min_samples_leaf': 2, 'min_samples_split': 2, 'min_weight_fraction_leaf': 0.0, 'splitter': 'best'}",0.1,DT,0
0.9782795138888888,0.012325567754339802,2,0.99,0.0017677669529663625,1,0.9569007705463001,0.035226690049599794,1,0.9450000000000001,0.03020761493398643,1,0.9498447597655989,0.008110453029264855,1,"{'max_depth': 8, 'min_impurity_decrease': 0.0, 'min_samples_leaf': 2, 'min_samples_split': 2, 'min_weight_fraction_leaf': 0.0, 'splitter': 'best'}",0.1,DT,0
0.9917916666666666,0.005900202665422176,3,0.98525,0.0030000000000000174,2,0.9869748669968812,0.019623767094566362,2,0.865,0.04358898943540673,1,0.9209323210498184,0.018069889746306078,2,"{'bootstrap': True, 'ccp_alpha': 0.0, 'criterion': 'gini', 'max_features': 'auto', 'min_impurity_decrease': 0.0, 'min_samples_leaf': 1, 'min_samples_split': 2, 'min_weight_fraction_leaf': 0.0, 'n_estimators': 10, 'oob_score': False, 'verbose': 0, 'warm_start': False}",0.1,RF,0
0.9961614583333332,0.003097148261448718,2,0.98475,0.0027838821814149934,3,0.9810274805698146,0.020122718381175575,3,0.865,0.033911649915626375,1,0.9187178087242444,0.015758939313255158,3,"{'bootstrap': True, 'ccp_alpha': 0.0, 'criterion': 'gini', 'max_features': 'auto', 'min_impurity_decrease': 0.0, 'min_samples_leaf': 1, 'min_samples_split': 2, 'min_weight_fraction_leaf': 0.0, 'n_estimators': 15, 'oob_score': False, 'verbose': 0, 'warm_start': False}",0.1,RF,0
0.9964288194444444,0.003273352673000024,1,0.9854999999999998,0.005037360419902466,1,0.991956445381103,0.010876410850688084,1,0.8625,0.05645794895318109,3,0.9215118043374637,0.028633471170013965,1,"{'bootstrap': True, 'ccp_alpha': 0.0, 'criterion': 'gini', 'max_features': 'auto', 'min_impurity_decrease': 0.0, 'min_samples_leaf': 1, 'min_samples_split': 2, 'min_weight_fraction_leaf': 0.0, 'n_estimators': 20, 'oob_score': False, 'verbose': 0, 'warm_start': False}",0.1,RF,0
0.7121597222222222,0.02867840498814337,1,0.9,0.0,2,0.0,0.0,2,0.0,0.0,2,0.0,0.0,2,"{'activation': 'tanh', 'alpha': 0.0001, 'batch_size': 'auto', 'beta_1': 0.9, 'beta_2': 0.999, 'early_stopping': False, 'epsilon': 1e-08, 'hidden_layer_sizes': (10, 10), 'learning_rate': 'adaptive', 'learning_rate_init': 0.001, 'max_fun': 15000, 'max_iter': 2000, 'momentum': 0.9, 'n_iter_no_change': 10, 'nesterovs_momentum': True, 'power_t': 0.5, 'shuffle': True, 'solver': 'adam', 'tol': 0.0001, 'validation_fraction': 0.1, 'verbose': False, 'warm_start': False}",0.1,NN,0
0.6245034722222222,0.1897192283601425,3,0.9179999999999999,0.032274215714715684,1,0.8,0.4,1,0.18,0.3227421571471567,1,0.20997411829943427,0.347903267744151,1,"{'activation': 'tanh', 'alpha': 0.0001, 'batch_size': 'auto', 'beta_1': 0.9, 'beta_2': 0.999, 'early_stopping': False, 'epsilon': 1e-08, 'hidden_layer_sizes': (10, 10), 'learning_rate': 'adaptive', 'learning_rate_init': 0.001, 'max_fun': 15000, 'max_iter': 2000, 'momentum': 0.9, 'n_iter_no_change': 10, 'nesterovs_momentum': True, 'power_t': 0.5, 'shuffle': True, 'solver': 'lbfgs', 'tol': 0.0001, 'validation_fraction': 0.1, 'verbose': False, 'warm_start': False}",0.1,NN,0
0.67009375,0.06485344927831335,2,0.9,0.0,2,0.0,0.0,2,0.0,0.0,2,0.0,0.0,2,"{'activation': 'tanh', 'alpha': 0.0001, 'batch_size': 'auto', 'beta_1': 0.9, 'beta_2': 0.999, 'early_stopping': False, 'epsilon': 1e-08, 'hidden_layer_sizes': (25, 25), 'learning_rate': 'adaptive', 'learning_rate_init': 0.001, 'max_fun': 15000, 'max_iter': 2000, 'momentum': 0.9, 'n_iter_no_change': 10, 'nesterovs_momentum': True, 'power_t': 0.5, 'shuffle': True, 'solver': 'adam', 'tol': 0.0001, 'validation_fraction': 0.1, 'verbose': False, 'warm_start': False}",0.1,NN,0
0.5344895833333334,0.07271281823162394,4,0.9,0.0,2,0.0,0.0,2,0.0,0.0,2,0.0,0.0,2,"{'activation': 'tanh', 'alpha': 0.0001, 'batch_size': 'auto', 'beta_1': 0.9, 'beta_2': 0.999, 'early_stopping': False, 'epsilon': 1e-08, 'hidden_layer_sizes': (25, 25), 'learning_rate': 'adaptive', 'learning_rate_init': 0.001, 'max_fun': 15000, 'max_iter': 2000, 'momentum': 0.9, 'n_iter_no_change': 10, 'nesterovs_momentum': True, 'power_t': 0.5, 'shuffle': True, 'solver': 'lbfgs', 'tol': 0.0001, 'validation_fraction': 0.1, 'verbose': False, 'warm_start': False}",0.1,NN,0
0.9984618055555556,0.001284562677781135,7,0.9879999999999999,0.0052201532544552745,10,0.9761222533103211,0.02802930460869404,1,0.9024999999999999,0.03741657386773941,10,0.9374588224740007,0.026973570213439508,9,"{'C': 1.0, 'class_weight': None, 'dual': False, 'fit_intercept': True, 'intercept_scaling': 1, 'l1_ratio': None, 'max_iter': 1000, 'multi_class': 'auto', 'n_jobs': None, 'penalty': 'l2', 'solver': 'liblinear', 'tol': 0.0001, 'verbose': 2, 'warm_start': False}",0.1,LR,0
0.9972986111111112,0.003104399692968641,10,0.9882500000000001,0.009604686356149281,8,0.9745751633986929,0.03277577392398153,2,0.905,0.07185053931599956,9,0.9377958089875623,0.05250924436403992,8,"{'C': 2.7825594022071245, 'class_weight': None, 'dual': False, 'fit_intercept': True, 'intercept_scaling': 1, 'l1_ratio': None, 'max_iter': 1000, 'multi_class': 'auto', 'n_jobs': None, 'penalty': 'l2', 'solver': 'liblinear', 'tol': 0.0001, 'verbose': 2, 'warm_start': False}",0.1,LR,0
0.9987083333333334,0.0012185768712105972,6,0.99175,0.00375832409459323,4,0.9694778554778555,0.04263908203290497,8,0.95,0.01767766952966367,2,0.9588138219867277,0.01736584207076644,4,"{'C': 7.742636826811269, 'class_weight': None, 'dual': False, 'fit_intercept': True, 'intercept_scaling': 1, 'l1_ratio': None, 'max_iter': 1000, 'multi_class': 'auto', 'n_jobs': None, 'penalty': 'l2', 'solver': 'liblinear', 'tol': 0.0001, 'verbose': 2, 'warm_start': False}",0.1,LR,0
0.998201388888889,0.0019605176450949047,8,0.9907499999999999,0.0037583240945932234,7,0.9685965167401316,0.032228182576793454,10,0.9399999999999998,0.04430011286667337,7,0.952834161475238,0.019735220253881837,7,"{'C': 21.544346900318832, 'class_weight': None, 'dual': False, 'fit_intercept': True, 'intercept_scaling': 1, 'l1_ratio': None, 'max_iter': 1000, 'multi_class': 'auto', 'n_jobs': None, 'penalty': 'l2', 'solver': 'liblinear', 'tol': 0.0001, 'verbose': 2, 'warm_start': False}",0.1,LR,0
0.9988993055555555,0.000883173902453675,3,0.992,0.0025739075352467404,2,0.9710971032231743,0.03302225577834622,5,0.95,0.020916500663351868,2,0.9597756285688661,0.012028202291586632,3,"{'C': 59.94842503189409, 'class_weight': None, 'dual': False, 'fit_intercept': True, 'intercept_scaling': 1, 'l1_ratio': None, 'max_iter': 1000, 'multi_class': 'auto', 'n_jobs': None, 'penalty': 'l2', 'solver': 'liblinear', 'tol': 0.0001, 'verbose': 2, 'warm_start': False}",0.1,LR,0
0.9988263888888887,0.001094636986024558,5,0.9925,0.003708099243547835,1,0.9705911401597677,0.028128824308511165,7,0.9549999999999998,0.03020761493398643,1,0.9621873941564321,0.018679992206307658,1,"{'C': 166.81005372000593, 'class_weight': None, 'dual': False, 'fit_intercept': True, 'intercept_scaling': 1, 'l1_ratio': None, 'max_iter': 1000, 'multi_class': 'auto', 'n_jobs': None, 'penalty': 'l2', 'solver': 'liblinear', 'tol': 0.0001, 'verbose': 2, 'warm_start': False}",0.1,LR,0
0.9988298611111113,0.0009201454402282409,4,0.99125,0.002499999999999991,5,0.9687089062971083,0.03303496697899427,9,0.945,0.03020761493398643,5,0.9557994593776431,0.0120524083278995,5,"{'C': 464.15888336127773, 'class_weight': None, 'dual': False, 'fit_intercept': True, 'intercept_scaling': 1, 'l1_ratio': None, 'max_iter': 1000, 'multi_class': 'auto', 'n_jobs': None, 'penalty': 'l2', 'solver': 'liblinear', 'tol': 0.0001, 'verbose': 2, 'warm_start': False}",0.1,LR,0
0.9989340277777778,0.0008137602998532598,2,0.99125,0.002738612787525823,5,0.9709899434318039,0.03297162206121614,6,0.9425000000000001,0.02806243040080456,6,0.955720973546469,0.013331134509782098,6,"{'C': 1291.5496650148827, 'class_weight': None, 'dual': False, 'fit_intercept': True, 'intercept_scaling': 1, 'l1_ratio': None, 'max_iter': 1000, 'multi_class': 'auto', 'n_jobs': None, 'penalty': 'l2', 'solver': 'liblinear', 'tol': 0.0001, 'verbose': 2, 'warm_start': False}",0.1,LR,0
0.9990277777777778,0.0008794392459662075,1,0.992,0.0037583240945932594,2,0.971476063177515,0.037803349483755785,4,0.95,0.02738612787525832,2,0.9597928163202454,0.018056925563454326,2,"{'C': 3593.813663804626, 'class_weight': None, 'dual': False, 'fit_intercept': True, 'intercept_scaling': 1, 'l1_ratio': None, 'max_iter': 1000, 'multi_class': 'auto', 'n_jobs': None, 'penalty': 'l2', 'solver': 'liblinear', 'tol': 0.0001, 'verbose': 2, 'warm_start': False}",0.1,LR,0
0.9977118055555556,0.0035609395271975386,9,0.9882500000000001,0.010682930309610726,8,0.9716455619409207,0.03224004020631598,3,0.9075,0.08463155439905379,8,0.937343331476645,0.059294175082769386,10,"{'C': 10000.0, 'class_weight': None, 'dual': False, 'fit_intercept': True, 'intercept_scaling': 1, 'l1_ratio': None, 'max_iter': 1000, 'multi_class': 'auto', 'n_jobs': None, 'penalty': 'l2', 'solver': 'liblinear', 'tol': 0.0001, 'verbose': 2, 'warm_start': False}",0.1,LR,0
0.988547794117647,0.010241531623126765,1,0.98925,0.0032210246816812937,2,0.9604936190928797,0.009065222573041983,2,0.9683333333333334,0.02380476142847616,1,0.9641901595393936,0.011085446831756697,2,"{'max_depth': 7, 'min_impurity_decrease': 0.0, 'min_samples_leaf': 2, 'min_samples_split': 2, 'min_weight_fraction_leaf': 0.0, 'splitter': 'best'}",0.15,DT,0
0.9854215686274511,0.010530703214106072,2,0.9897499999999999,0.003000000000000001,1,0.9685491515603075,0.016336500302202725,1,0.9633333333333333,0.017950549357115028,2,0.9657321767308187,0.009984372549747845,1,"{'max_depth': 8, 'min_impurity_decrease': 0.0, 'min_samples_leaf': 2, 'min_samples_split': 2, 'min_weight_fraction_leaf': 0.0, 'splitter': 'best'}",0.15,DT,0
0.9951764705882354,0.0042142777942359,3,0.98125,0.006123724356957965,2,0.9840511110021092,0.01632314263577053,3,0.89,0.04515405728048023,2,0.9338327931548271,0.022759310527451754,2,"{'bootstrap': True, 'ccp_alpha': 0.0, 'criterion': 'gini', 'max_features': 'auto', 'min_impurity_decrease': 0.0, 'min_samples_leaf': 1, 'min_samples_split': 2, 'min_weight_fraction_leaf': 0.0, 'n_estimators': 10, 'oob_score': False, 'verbose': 0, 'warm_start': False}",0.15,RF,0
0.9971384803921568,0.0023064624078679647,2,0.9835,0.005024937810560442,1,0.987739058017451,0.01045055536703358,1,0.9016666666666667,0.04163331998932268,1,0.9420245405092093,0.018844583048616644,1,"{'bootstrap': True, 'ccp_alpha': 0.0, 'criterion': 'gini', 'max_features': 'auto', 'min_impurity_decrease': 0.0, 'min_samples_leaf': 1, 'min_samples_split': 2, 'min_weight_fraction_leaf': 0.0, 'n_estimators': 15, 'oob_score': False, 'verbose': 0, 'warm_start': False}",0.15,RF,0
0.9980085784313726,0.001940586072080467,1,0.9804999999999999,0.0037583240945932295,3,0.9855812355088067,0.012298417361475345,2,0.8833333333333332,0.03162277660168381,3,0.9311863844614935,0.01432142943633511,3,"{'bootstrap': True, 'ccp_alpha': 0.0, 'criterion': 'gini', 'max_features': 'auto', 'min_impurity_decrease': 0.0, 'min_samples_leaf': 1, 'min_samples_split': 2, 'min_weight_fraction_leaf': 0.0, 'n_estimators': 20, 'oob_score': False, 'verbose': 0, 'warm_start': False}",0.15,RF,0
0.644671568627451,0.07561758410009252,2,0.85,0.0,2,0.0,0.0,2,0.0,0.0,2,0.0,0.0,2,"{'activation': 'tanh', 'alpha': 0.0001, 'batch_size': 'auto', 'beta_1': 0.9, 'beta_2': 0.999, 'early_stopping': False, 'epsilon': 1e-08, 'hidden_layer_sizes': (10, 10), 'learning_rate': 'adaptive', 'learning_rate_init': 0.001, 'max_fun': 15000, 'max_iter': 2000, 'momentum': 0.9, 'n_iter_no_change': 10, 'nesterovs_momentum': True, 'power_t': 0.5, 'shuffle': True, 'solver': 'adam', 'tol': 0.0001, 'validation_fraction': 0.1, 'verbose': False, 'warm_start': False}",0.15,NN,0
0.5050000000000001,0.0061237243569579655,4,0.85125,0.0019364916731037102,1,0.4,0.48989794855663565,1,0.008333333333333333,0.012909944487358056,1,0.016209010930418554,0.02498750131862271,1,"{'activation': 'tanh', 'alpha': 0.0001, 'batch_size': 'auto', 'beta_1': 0.9, 'beta_2': 0.999, 'early_stopping': False, 'epsilon': 1e-08, 'hidden_layer_sizes': (10, 10), 'learning_rate': 'adaptive', 'learning_rate_init': 0.001, 'max_fun': 15000, 'max_iter': 2000, 'momentum': 0.9, 'n_iter_no_change': 10, 'nesterovs_momentum': True, 'power_t': 0.5, 'shuffle': True, 'solver': 'lbfgs', 'tol': 0.0001, 'validation_fraction': 0.1, 'verbose': False, 'warm_start': False}",0.15,NN,0
0.6726397058823529,0.05721960832292703,1,0.85,0.0,2,0.0,0.0,2,0.0,0.0,2,0.0,0.0,2,"{'activation': 'tanh', 'alpha': 0.0001, 'batch_size': 'auto', 'beta_1': 0.9, 'beta_2': 0.999, 'early_stopping': False, 'epsilon': 1e-08, 'hidden_layer_sizes': (25, 25), 'learning_rate': 'adaptive', 'learning_rate_init': 0.001, 'max_fun': 15000, 'max_iter': 2000, 'momentum': 0.9, 'n_iter_no_change': 10, 'nesterovs_momentum': True, 'power_t': 0.5, 'shuffle': True, 'solver': 'adam', 'tol': 0.0001, 'validation_fraction': 0.1, 'verbose': False, 'warm_start': False}",0.15,NN,0
0.5834693627450982,0.09945138480068318,3,0.85,0.0,2,0.0,0.0,2,0.0,0.0,2,0.0,0.0,2,"{'activation': 'tanh', 'alpha': 0.0001, 'batch_size': 'auto', 'beta_1': 0.9, 'beta_2': 0.999, 'early_stopping': False, 'epsilon': 1e-08, 'hidden_layer_sizes': (25, 25), 'learning_rate': 'adaptive', 'learning_rate_init': 0.001, 'max_fun': 15000, 'max_iter': 2000, 'momentum': 0.9, 'n_iter_no_change': 10, 'nesterovs_momentum': True, 'power_t': 0.5, 'shuffle': True, 'solver': 'lbfgs', 'tol': 0.0001, 'validation_fraction': 0.1, 'verbose': False, 'warm_start': False}",0.15,NN,0
0.99925,0.00038802975347381206,10,0.99025,0.0026692695630078523,8,0.9705239654746982,0.021013514571370236,7,0.9650000000000001,0.016158932858054413,10,0.967464106744219,0.008692834313938622,10,"{'C': 1.0, 'class_weight': None, 'dual': False, 'fit_intercept': True, 'intercept_scaling': 1, 'l1_ratio': None, 'max_iter': 1000, 'multi_class': 'auto', 'n_jobs': None, 'penalty': 'l2', 'solver': 'liblinear', 'tol': 0.0001, 'verbose': 2, 'warm_start': False}",0.15,LR,0
0.9993504901960785,0.0004706903483983461,7,0.99025,0.0024238399287081817,8,0.9677229326760427,0.025072465612066185,9,0.9683333333333334,0.016996731711975955,8,0.9676142885053665,0.007673217570780697,9,"{'C': 2.7825594022071245, 'class_weight': None, 'dual': False, 'fit_intercept': True, 'intercept_scaling': 1, 'l1_ratio': None, 'max_iter': 1000, 'multi_class': 'auto', 'n_jobs': None, 'penalty': 'l2', 'solver': 'liblinear', 'tol': 0.0001, 'verbose': 2, 'warm_start': False}",0.15,LR,0
0.9994852941176472,0.00037452712720434015,2,0.99175,0.002692582403567244,3,0.9770372586675574,0.019271585648520332,2,0.9683333333333334,0.016996731711975955,8,0.9724045675780146,0.008852537985672416,3,"{'C': 7.742636826811269, 'class_weight': None, 'dual': False, 'fit_intercept': True, 'intercept_scaling': 1, 'l1_ratio': None, 'max_iter': 1000, 'multi_class': 'auto', 'n_jobs': None, 'penalty': 'l2', 'solver': 'liblinear', 'tol': 0.0001, 'verbose': 2, 'warm_start': False}",0.15,LR,0
0.9994926470588237,0.00045949182518157766,1,0.9914999999999999,0.0027838821814150376,4,0.9741385579101692,0.024018661330827095,3,0.97,0.01795054935711501,7,0.971682601299943,0.008942160521715918,7,"{'C': 21.544346900318832, 'class_weight': None, 'dual': False, 'fit_intercept': True, 'intercept_scaling': 1, 'l1_ratio': None, 'max_iter': 1000, 'multi_class': 'auto', 'n_jobs': None, 'penalty': 'l2', 'solver': 'liblinear', 'tol': 0.0001, 'verbose': 2, 'warm_start': False}",0.15,LR,0
0.999343137254902,0.0004322767929029214,8,0.99025,0.002150581316760647,8,0.9644052712909416,0.02267821016964255,10,0.9716666666666667,0.011303883305208741,5,0.967735843068405,0.0066816284476872295,8,"{'C': 59.94842503189409, 'class_weight': None, 'dual': False, 'fit_intercept': True, 'intercept_scaling': 1, 'l1_ratio': None, 'max_iter': 1000, 'multi_class': 'auto', 'n_jobs': None, 'penalty': 'l2', 'solver': 'liblinear', 'tol': 0.0001, 'verbose': 2, 'warm_start': False}",0.15,LR,0
0.9994803921568629,0.00039472200272935506,4,0.9914999999999999,0.001999999999999996,4,0.9708492993172836,0.02172380787913187,5,0.9733333333333333,0.014337208778404392,3,0.9717823695625135,0.006368569656827066,5,"{'C': 166.81005372000593, 'class_weight': None, 'dual': False, 'fit_intercept': True, 'intercept_scaling': 1, 'l1_ratio': None, 'max_iter': 1000, 'multi_class': 'auto', 'n_jobs': None, 'penalty': 'l2', 'solver': 'liblinear', 'tol': 0.0001, 'verbose': 2, 'warm_start': False}",0.15,LR,0
0.999482843137255,0.0004565933734194174,3,0.9925,0.0020916500663351843,1,0.9790260821615661,0.02295837850337555,1,0.9716666666666667,0.014529663145135591,5,0.9749975835182244,0.006608041800115199,1,"{'C': 464.15888336127773, 'class_weight': None, 'dual': False, 'fit_intercept': True, 'intercept_scaling': 1, 'l1_ratio': None, 'max_iter': 1000, 'multi_class': 'auto', 'n_jobs': None, 'penalty': 'l2', 'solver': 'liblinear', 'tol': 0.0001, 'verbose': 2, 'warm_start': False}",0.15,LR,0
0.9994068627450983,0.0005424147526910857,5,0.992,0.0020310096011589987,2,0.9739979413162546,0.01836217902415337,4,0.9733333333333334,0.021343747458109498,2,0.9733003690621294,0.00688190247616216,2,"{'C': 1291.5496650148827, 'class_weight': None, 'dual': False, 'fit_intercept': True, 'intercept_scaling': 1, 'l1_ratio': None, 'max_iter': 1000, 'multi_class': 'auto', 'n_jobs': None, 'penalty': 'l2', 'solver': 'liblinear', 'tol': 0.0001, 'verbose': 2, 'warm_start': False}",0.15,LR,0
0.9993872549019608,0.0005505166040493935,6,0.9914999999999999,0.0028939592256975386,4,0.9692665290677676,0.021840669328123678,8,0.975,0.01748014746950253,1,0.9718075658962484,0.009445605587047783,4,"{'C': 3593.813663804626, 'class_weight': None, 'dual': False, 'fit_intercept': True, 'intercept_scaling': 1, 'l1_ratio': None, 'max_iter': 1000, 'multi_class': 'auto', 'n_jobs': None, 'penalty': 'l2', 'solver': 'liblinear', 'tol': 0.0001, 'verbose': 2, 'warm_start': False}",0.15,LR,0
0.9992941176470589,0.0005758813014470866,9,0.9914999999999999,0.0016583123951777082,4,0.9707625690852189,0.019303166235279133,6,0.9733333333333333,0.016996731711975955,3,0.971733215697502,0.0053470022602392945,6,"{'C': 10000.0, 'class_weight': None, 'dual': False, 'fit_intercept': True, 'intercept_scaling': 1, 'l1_ratio': None, 'max_iter': 1000, 'multi_class': 'auto', 'n_jobs': None, 'penalty': 'l2', 'solver': 'liblinear', 'tol': 0.0001, 'verbose': 2, 'warm_start': False}",0.15,LR,0
0.9886708984375,0.007737796774058277,1,0.98675,0.005454356057317852,2,0.9709423911268213,0.005256474815171089,2,0.9625,0.024366985862022426,1,0.966580159753331,0.014173302832127073,2,"{'max_depth': 7, 'min_impurity_decrease': 0.0, 'min_samples_leaf': 2, 'min_samples_split': 2, 'min_weight_fraction_leaf': 0.0, 'splitter': 'best'}",0.2,DT,0
0.9881611328125001,0.009228759297378236,2,0.9872500000000001,0.004834769901453437,1,0.973575909327414,0.0067663234911465005,1,0.9625,0.026809513236909045,1,0.9677672293468353,0.012678861548058624,1,"{'max_depth': 8, 'min_impurity_decrease': 0.0, 'min_samples_leaf': 2, 'min_samples_split': 2, 'min_weight_fraction_leaf': 0.0, 'splitter': 'best'}",0.2,DT,0
0.9968623046875,0.0021842029247260545,3,0.9792500000000001,0.004227883631321969,3,0.9814876827924153,0.013388616498851966,1,0.91375,0.021433035249352805,3,0.9461862273625009,0.011320529994207837,3,"{'bootstrap': True, 'ccp_alpha': 0.0, 'criterion': 'gini', 'max_features': 'auto', 'min_impurity_decrease': 0.0, 'min_samples_leaf': 1, 'min_samples_split': 2, 'min_weight_fraction_leaf': 0.0, 'n_estimators': 10, 'oob_score': False, 'verbose': 0, 'warm_start': False}",0.2,RF,0
0.997779296875,0.0017671556168032362,2,0.98275,0.0050249378105604505,1,0.9765611065920664,0.01334403535682217,3,0.9362499999999999,0.013919410907075075,1,0.9559583465422488,0.012868047324019121,1,"{'bootstrap': True, 'ccp_alpha': 0.0, 'criterion': 'gini', 'max_features': 'auto', 'min_impurity_decrease': 0.0, 'min_samples_leaf': 1, 'min_samples_split': 2, 'min_weight_fraction_leaf': 0.0, 'n_estimators': 15, 'oob_score': False, 'verbose': 0, 'warm_start': False}",0.2,RF,0
0.9983847656249999,0.0009323200811109153,1,0.9809999999999999,0.003391164991562647,2,0.9803741483741483,0.014163151769942697,2,0.9237500000000001,0.014999999999999998,2,0.9510769450010201,0.008859900907590902,2,"{'bootstrap': True, 'ccp_alpha': 0.0, 'criterion': 'gini', 'max_features': 'auto', 'min_impurity_decrease': 0.0, 'min_samples_leaf': 1, 'min_samples_split': 2, 'min_weight_fraction_leaf': 0.0, 'n_estimators': 20, 'oob_score': False, 'verbose': 0, 'warm_start': False}",0.2,RF,0
0.7033837890625001,0.03402738794808468,2,0.8,0.0,3,0.0,0.0,3,0.0,0.0,3,0.0,0.0,3,"{'activation': 'tanh', 'alpha': 0.0001, 'batch_size': 'auto', 'beta_1': 0.9, 'beta_2': 0.999, 'early_stopping': False, 'epsilon': 1e-08, 'hidden_layer_sizes': (10, 10), 'learning_rate': 'adaptive', 'learning_rate_init': 0.001, 'max_fun': 15000, 'max_iter': 2000, 'momentum': 0.9, 'n_iter_no_change': 10, 'nesterovs_momentum': True, 'power_t': 0.5, 'shuffle': True, 'solver': 'adam', 'tol': 0.0001, 'validation_fraction': 0.1, 'verbose': False, 'warm_start': False}",0.2,NN,0
0.94002734375,0.10326157733582145,1,0.9470000000000001,0.07382242206809525,1,0.770036050978568,0.3855473202138232,1,0.7649999999999999,0.3830102805408753,1,0.7674016025147894,0.38408508228080873,1,"{'activation': 'tanh', 'alpha': 0.0001, 'batch_size': 'auto', 'beta_1': 0.9, 'beta_2': 0.999, 'early_stopping': False, 'epsilon': 1e-08, 'hidden_layer_sizes': (10, 10), 'learning_rate': 'adaptive', 'learning_rate_init': 0.001, 'max_fun': 15000, 'max_iter': 2000, 'momentum': 0.9, 'n_iter_no_change': 10, 'nesterovs_momentum': True, 'power_t': 0.5, 'shuffle': True, 'solver': 'lbfgs', 'tol': 0.0001, 'validation_fraction': 0.1, 'verbose': False, 'warm_start': False}",0.2,NN,0
0.6714091796875,0.12066973559725454,3,0.8007500000000001,0.001499999999999968,2,0.16,0.32,2,0.005,0.01,2,0.009696969696969699,0.019393939393939394,2,"{'activation': 'tanh', 'alpha': 0.0001, 'batch_size': 'auto', 'beta_1': 0.9, 'beta_2': 0.999, 'early_stopping': False, 'epsilon': 1e-08, 'hidden_layer_sizes': (25, 25), 'learning_rate': 'adaptive', 'learning_rate_init': 0.001, 'max_fun': 15000, 'max_iter': 2000, 'momentum': 0.9, 'n_iter_no_change': 10, 'nesterovs_momentum': True, 'power_t': 0.5, 'shuffle': True, 'solver': 'adam', 'tol': 0.0001, 'validation_fraction': 0.1, 'verbose': False, 'warm_start': False}",0.2,NN,0
0.5337626953125,0.08474055680409621,4,0.8,0.0,3,0.0,0.0,3,0.0,0.0,3,0.0,0.0,3,"{'activation': 'tanh', 'alpha': 0.0001, 'batch_size': 'auto', 'beta_1': 0.9, 'beta_2': 0.999, 'early_stopping': False, 'epsilon': 1e-08, 'hidden_layer_sizes': (25, 25), 'learning_rate': 'adaptive', 'learning_rate_init': 0.001, 'max_fun': 15000, 'max_iter': 2000, 'momentum': 0.9, 'n_iter_no_change': 10, 'nesterovs_momentum': True, 'power_t': 0.5, 'shuffle': True, 'solver': 'lbfgs', 'tol': 0.0001, 'validation_fraction': 0.1, 'verbose': False, 'warm_start': False}",0.2,NN,0
0.99890234375,0.0006744534010120269,10,0.9862500000000001,0.0031622776601683646,10,0.9663870733478577,0.011123561357778292,10,0.9650000000000001,0.015103807466993201,10,0.965575278312464,0.00801477094086837,10,"{'C': 1.0, 'class_weight': None, 'dual': False, 'fit_intercept': True, 'intercept_scaling': 1, 'l1_ratio': None, 'max_iter': 1000, 'multi_class': 'auto', 'n_jobs': None, 'penalty': 'l2', 'solver': 'liblinear', 'tol': 0.0001, 'verbose': 2, 'warm_start': False}",0.2,LR,0
0.9991855468749999,0.0007011310703656214,7,0.99025,0.0012247448713916037,5,0.9704777704838164,0.009435841230993542,4,0.98125,0.006846531968814593,5,0.9757728762163408,0.002948505594279004,5,"{'C': 2.7825594022071245, 'class_weight': None, 'dual': False, 'fit_intercept': True, 'intercept_scaling': 1, 'l1_ratio': None, 'max_iter': 1000, 'multi_class': 'auto', 'n_jobs': None, 'penalty': 'l2', 'solver': 'liblinear', 'tol': 0.0001, 'verbose': 2, 'warm_start': False}",0.2,LR,0
0.99922265625,0.0008738701201073186,5,0.9905000000000002,0.0021794494717703233,4,0.9704345300160849,0.00788934658035892,5,0.9824999999999999,0.007288689868556645,4,0.9764005376224425,0.0054144636704522835,4,"{'C': 7.742636826811269, 'class_weight': None, 'dual': False, 'fit_intercept': True, 'intercept_scaling': 1, 'l1_ratio': None, 'max_iter': 1000, 'multi_class': 'auto', 'n_jobs': None, 'penalty': 'l2', 'solver': 'liblinear', 'tol': 0.0001, 'verbose': 2, 'warm_start': False}",0.2,LR,0
0.9992539062500001,0.0007312516693356658,4,0.9897500000000001,0.003000000000000001,6,0.9703066711740271,0.00899184749996689,6,0.97875,0.0084779124789066,8,0.9744892017411658,0.007483602133292819,6,"{'C': 21.544346900318832, 'class_weight': None, 'dual': False, 'fit_intercept': True, 'intercept_scaling': 1, 'l1_ratio': None, 'max_iter': 1000, 'multi_class': 'auto', 'n_jobs': None, 'penalty': 'l2', 'solver': 'liblinear', 'tol': 0.0001, 'verbose': 2, 'warm_start': False}",0.2,LR,0
0.9991093750000001,0.0009138538089758636,8,0.9894999999999999,0.0023184046238739365,7,0.970260566580821,0.007078699570200472,7,0.9775,0.007500000000000003,9,0.9738467751240337,0.005790699664111164,8,"{'C': 59.94842503189409, 'class_weight': None, 'dual': False, 'fit_intercept': True, 'intercept_scaling': 1, 'l1_ratio': None, 'max_iter': 1000, 'multi_class': 'auto', 'n_jobs': None, 'penalty': 'l2', 'solver': 'liblinear', 'tol': 0.0001, 'verbose': 2, 'warm_start': False}",0.2,LR,0
0.999109375,0.0006288152593338257,9,0.98925,0.001274754878398169,9,0.966820075692581,0.007994498963300649,9,0.9799999999999999,0.008291561975888507,7,0.9733077895917835,0.003146579691792745,9,"{'C': 166.81005372000593, 'class_weight': None, 'dual': False, 'fit_intercept': True, 'intercept_scaling': 1, 'l1_ratio': None, 'max_iter': 1000, 'multi_class': 'auto', 'n_jobs': None, 'penalty': 'l2', 'solver': 'liblinear', 'tol': 0.0001, 'verbose': 2, 'warm_start': False}",0.2,LR,0
0.9994511718749999,0.00046340540336848376,1,0.991,0.0014577379737113398,2,0.9705672917531221,0.008586593615088392,3,0.985,0.0084779124789066,1,0.9776691861499355,0.003588305172373578,3,"{'C': 464.15888336127773, 'class_weight': None, 'dual': False, 'fit_intercept': True, 'intercept_scaling': 1, 'l1_ratio': None, 'max_iter': 1000, 'multi_class': 'auto', 'n_jobs': None, 'penalty': 'l2', 'solver': 'liblinear', 'tol': 0.0001, 'verbose': 2, 'warm_start': False}",0.2,LR,0
0.9991875,0.0007760422128423382,6,0.99125,0.001581138830084191,1,0.9729109451104246,0.008856021975216134,1,0.9837499999999999,0.005000000000000032,2,0.9782618228889,0.003833312183596983,1,"{'C': 1291.5496650148827, 'class_weight': None, 'dual': False, 'fit_intercept': True, 'intercept_scaling': 1, 'l1_ratio': None, 'max_iter': 1000, 'multi_class': 'auto', 'n_jobs': None, 'penalty': 'l2', 'solver': 'liblinear', 'tol': 0.0001, 'verbose': 2, 'warm_start': False}",0.2,LR,0
0.999275390625,0.0006812291693346352,3,0.9894999999999999,0.002449489742783194,7,0.9668509666737904,0.009678461181175955,8,0.98125,0.007905694150420974,5,0.9739542233194165,0.00604998915774755,7,"{'C': 3593.813663804626, 'class_weight': None, 'dual': False, 'fit_intercept': True, 'intercept_scaling': 1, 'l1_ratio': None, 'max_iter': 1000, 'multi_class': 'auto', 'n_jobs': None, 'penalty': 'l2', 'solver': 'liblinear', 'tol': 0.0001, 'verbose': 2, 'warm_start': False}",0.2,LR,0
0.999390625,0.0006192545981453931,2,0.991,0.0022912878474779246,2,0.971835521729383,0.013526693113552637,2,0.9837499999999999,0.005000000000000032,2,0.9776806725086435,0.005541850949014735,2,"{'C': 10000.0, 'class_weight': None, 'dual': False, 'fit_intercept': True, 'intercept_scaling': 1, 'l1_ratio': None, 'max_iter': 1000, 'multi_class': 'auto', 'n_jobs': None, 'penalty': 'l2', 'solver': 'liblinear', 'tol': 0.0001, 'verbose': 2, 'warm_start': False}",0.2,LR,0
0.9939483333333333,0.004967362646985515,1,0.99075,0.00465026880943455,1,0.9810156624984211,0.0058105583186469755,1,0.982,0.015684387141358135,1,0.9814549423626596,0.009441260530444593,1,"{'max_depth': 7, 'min_impurity_decrease': 0.0, 'min_samples_leaf': 2, 'min_samples_split': 2, 'min_weight_fraction_leaf': 0.0, 'splitter': 'best'}",0.25,DT,0
0.9886916666666666,0.006486464539502439,2,0.9884999999999999,0.0031024184114977265,2,0.9790092955174092,0.008316500089129434,2,0.975,0.01140175425099139,2,0.976938084266806,0.006294835868007965,2,"{'max_depth': 8, 'min_impurity_decrease': 0.0, 'min_samples_leaf': 2, 'min_samples_split': 2, 'min_weight_fraction_leaf': 0.0, 'splitter': 'best'}",0.25,DT,0
0.9977500000000001,0.0015115090877074004,3,0.9814999999999999,0.004358898943540667,3,0.9812486609270842,0.0042744551787337205,2,0.944,0.013564659966250505,3,0.9622390516515973,0.009017145738850095,3,"{'bootstrap': True, 'ccp_alpha': 0.0, 'criterion': 'gini', 'max_features': 'auto', 'min_impurity_decrease': 0.0, 'min_samples_leaf': 1, 'min_samples_split': 2, 'min_weight_fraction_leaf': 0.0, 'n_estimators': 10, 'oob_score': False, 'verbose': 0, 'warm_start': False}",0.25,RF,0
0.9979808333333334,0.0015725633709188236,1,0.985,0.003952847075210496,1,0.9786067900353614,0.006733320381948989,3,0.961,0.01019803902718558,1,0.9697119274932391,0.008016018769451834,1,"{'bootstrap': True, 'ccp_alpha': 0.0, 'criterion': 'gini', 'max_features': 'auto', 'min_impurity_decrease': 0.0, 'min_samples_leaf': 1, 'min_samples_split': 2, 'min_weight_fraction_leaf': 0.0, 'n_estimators': 15, 'oob_score': False, 'verbose': 0, 'warm_start': False}",0.25,RF,0
0.99796,0.0015580449822346894,2,0.98475,0.0033911649915626275,2,0.981560121169735,0.003950217525628573,1,0.9570000000000001,0.01363818169698587,2,0.9690686220289793,0.007062967647518053,2,"{'bootstrap': True, 'ccp_alpha': 0.0, 'criterion': 'gini', 'max_features': 'auto', 'min_impurity_decrease': 0.0, 'min_samples_leaf': 1, 'min_samples_split': 2, 'min_weight_fraction_leaf': 0.0, 'n_estimators': 20, 'oob_score': False, 'verbose': 0, 'warm_start': False}",0.25,RF,0
0.686005,0.016685463442103695,3,0.75,0.0,3,0.0,0.0,4,0.0,0.0,4,0.0,0.0,4,"{'activation': 'tanh', 'alpha': 0.0001, 'batch_size': 'auto', 'beta_1': 0.9, 'beta_2': 0.999, 'early_stopping': False, 'epsilon': 1e-08, 'hidden_layer_sizes': (10, 10), 'learning_rate': 'adaptive', 'learning_rate_init': 0.001, 'max_fun': 15000, 'max_iter': 2000, 'momentum': 0.9, 'n_iter_no_change': 10, 'nesterovs_momentum': True, 'power_t': 0.5, 'shuffle': True, 'solver': 'adam', 'tol': 0.0001, 'validation_fraction': 0.1, 'verbose': False, 'warm_start': False}",0.25,NN,0
0.5326366666666666,0.016186641525927758,4,0.75,0.0,3,0.1,0.20000000000000004,3,0.001,0.002,3,0.0019801980198019802,0.0039603960396039604,3,"{'activation': 'tanh', 'alpha': 0.0001, 'batch_size': 'auto', 'beta_1': 0.9, 'beta_2': 0.999, 'early_stopping': False, 'epsilon': 1e-08, 'hidden_layer_sizes': (10, 10), 'learning_rate': 'adaptive', 'learning_rate_init': 0.001, 'max_fun': 15000, 'max_iter': 2000, 'momentum': 0.9, 'n_iter_no_change': 10, 'nesterovs_momentum': True, 'power_t': 0.5, 'shuffle': True, 'solver': 'lbfgs', 'tol': 0.0001, 'validation_fraction': 0.1, 'verbose': False, 'warm_start': False}",0.25,NN,0
0.6916325000000001,0.08629983372746956,2,0.7515,0.0029999999999999805,2,0.275,0.3570714214271425,2,0.008,0.013638181696985857,2,0.015441736481340443,0.026214953446198883,2,"{'activation': 'tanh', 'alpha': 0.0001, 'batch_size': 'auto', 'beta_1': 0.9, 'beta_2': 0.999, 'early_stopping': False, 'epsilon': 1e-08, 'hidden_layer_sizes': (25, 25), 'learning_rate': 'adaptive', 'learning_rate_init': 0.001, 'max_fun': 15000, 'max_iter': 2000, 'momentum': 0.9, 'n_iter_no_change': 10, 'nesterovs_momentum': True, 'power_t': 0.5, 'shuffle': True, 'solver': 'adam', 'tol': 0.0001, 'validation_fraction': 0.1, 'verbose': False, 'warm_start': False}",0.25,NN,0
0.9231325,0.13918155435337767,1,0.94375,0.09252364562640189,1,0.98989852215265,0.008977701662200598,1,0.7849999999999999,0.37500666660740845,1,0.7974180782568723,0.3649161611077192,1,"{'activation': 'tanh', 'alpha': 0.0001, 'batch_size': 'auto', 'beta_1': 0.9, 'beta_2': 0.999, 'early_stopping': False, 'epsilon': 1e-08, 'hidden_layer_sizes': (25, 25), 'learning_rate': 'adaptive', 'learning_rate_init': 0.001, 'max_fun': 15000, 'max_iter': 2000, 'momentum': 0.9, 'n_iter_no_change': 10, 'nesterovs_momentum': True, 'power_t': 0.5, 'shuffle': True, 'solver': 'lbfgs', 'tol': 0.0001, 'validation_fraction': 0.1, 'verbose': False, 'warm_start': False}",0.25,NN,0
0.999005,0.0005726303830181799,9,0.9877499999999999,0.0047696960070847325,10,0.9724249990216413,0.015817639323252718,10,0.9789999999999999,0.00489897948556636,10,0.9756459916411915,0.00926417008802705,10,"{'C': 1.0, 'class_weight': None, 'dual': False, 'fit_intercept': True, 'intercept_scaling': 1, 'l1_ratio': None, 'max_iter': 1000, 'multi_class': 'auto', 'n_jobs': None, 'penalty': 'l2', 'solver': 'liblinear', 'tol': 0.0001, 'verbose': 2, 'warm_start': False}",0.25,LR,0
0.999375,0.0003763125178772375,3,0.9907499999999999,0.0029154759474226684,4,0.9737020777094149,0.013644842668716607,9,0.9899999999999999,0.006324555320336764,1,0.98169694731011,0.005615718198847166,2,"{'C': 2.7825594022071245, 'class_weight': None, 'dual': False, 'fit_intercept': True, 'intercept_scaling': 1, 'l1_ratio': None, 'max_iter': 1000, 'multi_class': 'auto', 'n_jobs': None, 'penalty': 'l2', 'solver': 'liblinear', 'tol': 0.0001, 'verbose': 2, 'warm_start': False}",0.25,LR,0
0.9993966666666667,0.0003685783498796103,2,0.99,0.0031622776601683907,9,0.9762219689728695,0.007825802765686873,5,0.984,0.0058309518948453055,8,0.9800869105152751,0.00627791544977296,9,"{'C': 7.742636826811269, 'class_weight': None, 'dual': False, 'fit_intercept': True, 'intercept_scaling': 1, 'l1_ratio': None, 'max_iter': 1000, 'multi_class': 'auto', 'n_jobs': None, 'penalty': 'l2', 'solver': 'liblinear', 'tol': 0.0001, 'verbose': 2, 'warm_start': False}",0.25,LR,0
0.9994066666666667,0.0003571647612330439,1,0.99025,0.003657184709581969,7,0.9781427529713508,0.008568703370743207,1,0.983,0.007483314773547889,9,0.9805532933783644,0.007289822481093403,8,"{'C': 21.544346900318832, 'class_weight': None, 'dual': False, 'fit_intercept': True, 'intercept_scaling': 1, 'l1_ratio': None, 'max_iter': 1000, 'multi_class': 'auto', 'n_jobs': None, 'penalty': 'l2', 'solver': 'liblinear', 'tol': 0.0001, 'verbose': 2, 'warm_start': False}",0.25,LR,0
0.9993400000000001,0.0004907307476270824,4,0.99075,0.003921096785339546,2,0.9754377931682685,0.011765597331499119,6,0.9879999999999999,0.006782329983125274,3,0.9816443151446446,0.0077330732305623045,3,"{'C': 59.94842503189409, 'class_weight': None, 'dual': False, 'fit_intercept': True, 'intercept_scaling': 1, 'l1_ratio': None, 'max_iter': 1000, 'multi_class': 'auto', 'n_jobs': None, 'penalty': 'l2', 'solver': 'liblinear', 'tol': 0.0001, 'verbose': 2, 'warm_start': False}",0.25,LR,0
0.999335,0.000515358559106597,5,0.99075,0.003020761493398632,2,0.9772743270311903,0.00900059901218836,3,0.986,0.0058309518948453055,5,0.9815952887288258,0.0059895355228583224,4,"{'C': 166.81005372000593, 'class_weight': None, 'dual': False, 'fit_intercept': True, 'intercept_scaling': 1, 'l1_ratio': None, 'max_iter': 1000, 'multi_class': 'auto', 'n_jobs': None, 'penalty': 'l2', 'solver': 'liblinear', 'tol': 0.0001, 'verbose': 2, 'warm_start': False}",0.25,LR,0
0.9992783333333334,0.0006075360071633742,6,0.9904999999999999,0.0026925824035672484,5,0.9753486583449187,0.008110794696019543,7,0.9870000000000001,0.0040000000000000036,4,0.9811263987646814,0.005314955883523867,5,"{'C': 464.15888336127773, 'class_weight': None, 'dual': False, 'fit_intercept': True, 'intercept_scaling': 1, 'l1_ratio': None, 'max_iter': 1000, 'multi_class': 'auto', 'n_jobs': None, 'penalty': 'l2', 'solver': 'liblinear', 'tol': 0.0001, 'verbose': 2, 'warm_start': False}",0.25,LR,0
0.9988783333333334,0.0008196984540399734,10,0.99025,0.004430011286667324,7,0.975289251676364,0.008807544368162007,8,0.986,0.01067707825203132,5,0.9805977948088476,0.008863248468267445,7,"{'C': 1291.5496650148827, 'class_weight': None, 'dual': False, 'fit_intercept': True, 'intercept_scaling': 1, 'l1_ratio': None, 'max_iter': 1000, 'multi_class': 'auto', 'n_jobs': None, 'penalty': 'l2', 'solver': 'liblinear', 'tol': 0.0001, 'verbose': 2, 'warm_start': False}",0.25,LR,0
0.9991333333333333,0.0004985256039340247,8,0.9904999999999999,0.002573907535246777,5,0.9772119281287216,0.00663460099682577,4,0.985,0.0054772255750516665,7,0.9810794545825967,0.005121866438451047,6,"{'C': 3593.813663804626, 'class_weight': None, 'dual': False, 'fit_intercept': True, 'intercept_scaling': 1, 'l1_ratio': None, 'max_iter': 1000, 'multi_class': 'auto', 'n_jobs': None, 'penalty': 'l2', 'solver': 'liblinear', 'tol': 0.0001, 'verbose': 2, 'warm_start': False}",0.25,LR,0
0.9992733333333333,0.0004919744799162382,7,0.9915,0.0028939592256975464,1,0.9773143699517386,0.007880378422990563,2,0.9890000000000001,0.004898979485566361,2,0.9831115412133016,0.005723100688388092,1,"{'C': 10000.0, 'class_weight': None, 'dual': False, 'fit_intercept': True, 'intercept_scaling': 1, 'l1_ratio': None, 'max_iter': 1000, 'multi_class': 'auto', 'n_jobs': None, 'penalty': 'l2', 'solver': 'liblinear', 'tol': 0.0001, 'verbose': 2, 'warm_start': False}",0.25,LR,0
0.9944062499999999,0.0018866744334223831,1,0.9907499999999999,0.0020310096011589987,1,0.9850831529314477,0.007460765565991056,2,0.9841666666666665,0.008079466429027236,1,0.9845745965466255,0.0033959443142690497,1,"{'max_depth': 7, 'min_impurity_decrease': 0.0, 'min_samples_leaf': 2, 'min_samples_split': 2, 'min_weight_fraction_leaf': 0.0, 'splitter': 'best'}",0.3,DT,0
0.9930967261904762,0.002013729657625229,2,0.9897500000000001,0.0021505813167606753,2,0.9866224891315092,0.005963875201902583,1,0.9791666666666666,0.007453559924999297,2,0.982847152448109,0.003632760442897272,2,"{'max_depth': 8, 'min_impurity_decrease': 0.0, 'min_samples_leaf': 2, 'min_samples_split': 2, 'min_weight_fraction_leaf': 0.0, 'splitter': 'best'}",0.3,DT,0
0.9978147321428572,0.0012352077922794006,3,0.9845,0.004782781617427252,3,0.9831758013064775,0.010689662239407637,2,0.9649999999999999,0.014577379737113252,3,0.973900502915978,0.008128398246457894,3,"{'bootstrap': True, 'ccp_alpha': 0.0, 'criterion': 'gini', 'max_features': 'auto', 'min_impurity_decrease': 0.0, 'min_samples_leaf': 1, 'min_samples_split': 2, 'min_weight_fraction_leaf': 0.0, 'n_estimators': 10, 'oob_score': False, 'verbose': 0, 'warm_start': False}",0.3,RF,0
0.9979866071428571,0.0012507513508610883,2,0.9877499999999999,0.003102418411497732,2,0.981694165300705,0.009098064786052774,3,0.9775,0.007728015412913088,2,0.9795465754483738,0.005149621564763559,2,"{'bootstrap': True, 'ccp_alpha': 0.0, 'criterion': 'gini', 'max_features': 'auto', 'min_impurity_decrease': 0.0, 'min_samples_leaf': 1, 'min_samples_split': 2, 'min_weight_fraction_leaf': 0.0, 'n_estimators': 15, 'oob_score': False, 'verbose': 0, 'warm_start': False}",0.3,RF,0
0.9981294642857144,0.0013235128584542235,1,0.98925,0.004227883631321943,1,0.9841693149571624,0.010231482347380994,1,0.9799999999999999,0.004082482904638616,1,0.9820683174395066,0.006989860932074929,1,"{'bootstrap': True, 'ccp_alpha': 0.0, 'criterion': 'gini', 'max_features': 'auto', 'min_impurity_decrease': 0.0, 'min_samples_leaf': 1, 'min_samples_split': 2, 'min_weight_fraction_leaf': 0.0, 'n_estimators': 20, 'oob_score': False, 'verbose': 0, 'warm_start': False}",0.3,RF,0
0.6748668154761905,0.03733999973163556,3,0.7015,0.0030000000000000248,3,0.2,0.4,3,0.005,0.01,3,0.009756097560975611,0.019512195121951223,3,"{'activation': 'tanh', 'alpha': 0.0001, 'batch_size': 'auto', 'beta_1': 0.9, 'beta_2': 0.999, 'early_stopping': False, 'epsilon': 1e-08, 'hidden_layer_sizes': (10, 10), 'learning_rate': 'adaptive', 'learning_rate_init': 0.001, 'max_fun': 15000, 'max_iter': 2000, 'momentum': 0.9, 'n_iter_no_change': 10, 'nesterovs_momentum': True, 'power_t': 0.5, 'shuffle': True, 'solver': 'adam', 'tol': 0.0001, 'validation_fraction': 0.1, 'verbose': False, 'warm_start': False}",0.3,NN,0
0.5916532738095238,0.12395231331491811,4,0.7,0.0,4,0.0,0.0,4,0.0,0.0,4,0.0,0.0,4,"{'activation': 'tanh', 'alpha': 0.0001, 'batch_size': 'auto', 'beta_1': 0.9, 'beta_2': 0.999, 'early_stopping': False, 'epsilon': 1e-08, 'hidden_layer_sizes': (10, 10), 'learning_rate': 'adaptive', 'learning_rate_init': 0.001, 'max_fun': 15000, 'max_iter': 2000, 'momentum': 0.9, 'n_iter_no_change': 10, 'nesterovs_momentum': True, 'power_t': 0.5, 'shuffle': True, 'solver': 'lbfgs', 'tol': 0.0001, 'validation_fraction': 0.1, 'verbose': False, 'warm_start': False}",0.3,NN,0
0.7207544642857143,0.01947206742017736,2,0.7037500000000001,0.0031622776601684085,2,0.6714285714285715,0.38225966172170434,2,0.014166666666666666,0.010408329997330663,2,0.02768296636242281,0.020255327904758903,2,"{'activation': 'tanh', 'alpha': 0.0001, 'batch_size': 'auto', 'beta_1': 0.9, 'beta_2': 0.999, 'early_stopping': False, 'epsilon': 1e-08, 'hidden_layer_sizes': (25, 25), 'learning_rate': 'adaptive', 'learning_rate_init': 0.001, 'max_fun': 15000, 'max_iter': 2000, 'momentum': 0.9, 'n_iter_no_change': 10, 'nesterovs_momentum': True, 'power_t': 0.5, 'shuffle': True, 'solver': 'adam', 'tol': 0.0001, 'validation_fraction': 0.1, 'verbose': False, 'warm_start': False}",0.3,NN,0
0.9891249999999999,0.00614319274819208,1,0.9762500000000001,0.011510864433221319,1,0.9623152199085233,0.017945909296313605,1,0.9583333333333333,0.02220485432412372,1,0.9602869220868705,0.019424002073551692,1,"{'activation': 'tanh', 'alpha': 0.0001, 'batch_size': 'auto', 'beta_1': 0.9, 'beta_2': 0.999, 'early_stopping': False, 'epsilon': 1e-08, 'hidden_layer_sizes': (25, 25), 'learning_rate': 'adaptive', 'learning_rate_init': 0.001, 'max_fun': 15000, 'max_iter': 2000, 'momentum': 0.9, 'n_iter_no_change': 10, 'nesterovs_momentum': True, 'power_t': 0.5, 'shuffle': True, 'solver': 'lbfgs', 'tol': 0.0001, 'validation_fraction': 0.1, 'verbose': False, 'warm_start': False}",0.3,NN,0
0.999233630952381,0.0005176561254626786,8,0.9894999999999999,0.0037583240945932134,7,0.9778569265697381,0.011622785049929087,7,0.9875,0.0026352313834736756,7,0.9826202037676277,0.006145665564800338,7,"{'C': 1.0, 'class_weight': None, 'dual': False, 'fit_intercept': True, 'intercept_scaling': 1, 'l1_ratio': None, 'max_iter': 1000, 'multi_class': 'auto', 'n_jobs': None, 'penalty': 'l2', 'solver': 'liblinear', 'tol': 0.0001, 'verbose': 2, 'warm_start': False}",0.3,LR,0
0.9993898809523809,0.00031161297010970346,5,0.9904999999999999,0.003674234614174787,6,0.9779341948205282,0.011587832438720375,6,0.9908333333333335,0.003118047822311607,5,0.9843038794602623,0.0059995789338418825,6,"{'C': 2.7825594022071245, 'class_weight': None, 'dual': False, 'fit_intercept': True, 'intercept_scaling': 1, 'l1_ratio': None, 'max_iter': 1000, 'multi_class': 'auto', 'n_jobs': None, 'penalty': 'l2', 'solver': 'liblinear', 'tol': 0.0001, 'verbose': 2, 'warm_start': False}",0.3,LR,0
0.9988303571428571,0.0010070722317069999,10,0.9884999999999999,0.006910137480542642,10,0.9761300681770576,0.01288060406176646,10,0.9858333333333335,0.011960583412006103,9,0.9809348755280641,0.01148765722780658,10,"{'C': 7.742636826811269, 'class_weight': None, 'dual': False, 'fit_intercept': True, 'intercept_scaling': 1, 'l1_ratio': None, 'max_iter': 1000, 'multi_class': 'auto', 'n_jobs': None, 'penalty': 'l2', 'solver': 'liblinear', 'tol': 0.0001, 'verbose': 2, 'warm_start': False}",0.3,LR,0
0.9993511904761905,0.00026164252293397355,6,0.9889999999999999,0.003201562118716436,8,0.9769854124975368,0.009026449116906872,8,0.9866666666666667,0.0061237243569579655,8,0.9817696047298263,0.005285023556565511,8,"{'C': 21.544346900318832, 'class_weight': None, 'dual': False, 'fit_intercept': True, 'intercept_scaling': 1, 'l1_ratio': None, 'max_iter': 1000, 'multi_class': 'auto', 'n_jobs': None, 'penalty': 'l2', 'solver': 'liblinear', 'tol': 0.0001, 'verbose': 2, 'warm_start': False}",0.3,LR,0
0.9994895833333333,0.0003647381838301897,3,0.99175,0.0032210246816812955,1,0.9795803404271215,0.01051082167825288,2,0.9933333333333334,0.004249182927993972,1,0.9863708648091027,0.005255422344932143,1,"{'C': 59.94842503189409, 'class_weight': None, 'dual': False, 'fit_intercept': True, 'intercept_scaling': 1, 'l1_ratio': None, 'max_iter': 1000, 'multi_class': 'auto', 'n_jobs': None, 'penalty': 'l2', 'solver': 'liblinear', 'tol': 0.0001, 'verbose': 2, 'warm_start': False}",0.3,LR,0
0.9994642857142857,0.00034532146981761043,4,0.991,0.0031024184114976966,3,0.9780166905600318,0.0120785855210032,4,0.9925,0.004859126579037775,2,0.9851436279726249,0.005035650514311505,3,"{'C': 166.81005372000593, 'class_weight': None, 'dual': False, 'fit_intercept': True, 'intercept_scaling': 1, 'l1_ratio': None, 'max_iter': 1000, 'multi_class': 'auto', 'n_jobs': None, 'penalty': 'l2', 'solver': 'liblinear', 'tol': 0.0001, 'verbose': 2, 'warm_start': False}",0.3,LR,0
0.9995223214285713,0.0002807495863138874,1,0.99125,0.002371708245126281,2,0.980326612908517,0.009372074799436126,1,0.9908333333333335,0.004082482904638657,5,0.9855136083805054,0.0038570479912020373,2,"{'C': 464.15888336127773, 'class_weight': None, 'dual': False, 'fit_intercept': True, 'intercept_scaling': 1, 'l1_ratio': None, 'max_iter': 1000, 'multi_class': 'auto', 'n_jobs': None, 'penalty': 'l2', 'solver': 'liblinear', 'tol': 0.0001, 'verbose': 2, 'warm_start': False}",0.3,LR,0
0.9992544642857142,0.0005223065898041358,7,0.991,0.003201562118716436,3,0.9787199150816874,0.009956632223988654,3,0.9916666666666668,0.00263523138347364,3,0.9851235430430357,0.005222813628079458,4,"{'C': 1291.5496650148827, 'class_weight': None, 'dual': False, 'fit_intercept': True, 'intercept_scaling': 1, 'l1_ratio': None, 'max_iter': 1000, 'multi_class': 'auto', 'n_jobs': None, 'penalty': 'l2', 'solver': 'liblinear', 'tol': 0.0001, 'verbose': 2, 'warm_start': False}",0.3,LR,0
0.9995059523809523,0.00041484508282458834,2,0.99075,0.002915475947422668,5,0.9779573396514124,0.010986514224182217,5,0.9916666666666668,0.00263523138347364,3,0.9847213132839258,0.004735883524690738,5,"{'C': 3593.813663804626, 'class_weight': None, 'dual': False, 'fit_intercept': True, 'intercept_scaling': 1, 'l1_ratio': None, 'max_iter': 1000, 'multi_class': 'auto', 'n_jobs': None, 'penalty': 'l2', 'solver': 'liblinear', 'tol': 0.0001, 'verbose': 2, 'warm_start': False}",0.3,LR,0
0.9989226190476191,0.0009774803651373327,9,0.9885000000000002,0.006194755846681922,9,0.9761606833400813,0.012820442911137353,9,0.9858333333333335,0.010069204977995483,9,0.9809451523778623,0.01026590496070486,9,"{'C': 10000.0, 'class_weight': None, 'dual': False, 'fit_intercept': True, 'intercept_scaling': 1, 'l1_ratio': None, 'max_iter': 1000, 'multi_class': 'auto', 'n_jobs': None, 'penalty': 'l2', 'solver': 'liblinear', 'tol': 0.0001, 'verbose': 2, 'warm_start': False}",0.3,LR,0
0.9941016483516485,0.0032407836062816183,1,0.9897500000000001,0.003102418411497711,1,0.9844138224079477,0.0070809558547944105,2,0.9864285714285714,0.010690449676496985,1,0.985356636856638,0.004488049612237722,1,"{'max_depth': 7, 'min_impurity_decrease': 0.0, 'min_samples_leaf': 2, 'min_samples_split': 2, 'min_weight_fraction_leaf': 0.0, 'splitter': 'best'}",0.35,DT,0
0.9928887362637363,0.003585155888161928,2,0.9890000000000001,0.004138236339311692,2,0.9864078637791517,0.0046230373726120705,1,0.9821428571428571,0.012371791482634845,2,0.9842183788281927,0.005998992494485108,2,"{'max_depth': 8, 'min_impurity_decrease': 0.0, 'min_samples_leaf': 2, 'min_samples_split': 2, 'min_weight_fraction_leaf': 0.0, 'splitter': 'best'}",0.35,DT,0
0.9979402472527472,0.0014192282830871703,3,0.98275,0.006344288770224753,3,0.9819231092514977,0.0102204248404369,1,0.9685714285714285,0.00857142857142854,3,0.97519590819894,0.009113284845016627,3,"{'bootstrap': True, 'ccp_alpha': 0.0, 'criterion': 'gini', 'max_features': 'auto', 'min_impurity_decrease': 0.0, 'min_samples_leaf': 1, 'min_samples_split': 2, 'min_weight_fraction_leaf': 0.0, 'n_estimators': 10, 'oob_score': False, 'verbose': 0, 'warm_start': False}",0.35,RF,0
0.9984471153846153,0.0009108069955960176,1,0.9877500000000001,0.004138236339311734,1,0.9801774970340187,0.008954093848952198,3,0.985,0.00692525693916621,1,0.9825521639301964,0.005852852137242421,1,"{'bootstrap': True, 'ccp_alpha': 0.0, 'criterion': 'gini', 'max_features': 'auto', 'min_impurity_decrease': 0.0, 'min_samples_leaf': 1, 'min_samples_split': 2, 'min_weight_fraction_leaf': 0.0, 'n_estimators': 15, 'oob_score': False, 'verbose': 0, 'warm_start': False}",0.35,RF,0
0.9984072802197803,0.0009084189080210595,2,0.98675,0.0023184046238739265,2,0.9808008163404305,0.007114382894414004,2,0.9814285714285715,0.005714285714285745,2,0.9810828528319417,0.0032734156788614467,2,"{'bootstrap': True, 'ccp_alpha': 0.0, 'criterion': 'gini', 'max_features': 'auto', 'min_impurity_decrease': 0.0, 'min_samples_leaf': 1, 'min_samples_split': 2, 'min_weight_fraction_leaf': 0.0, 'n_estimators': 20, 'oob_score': False, 'verbose': 0, 'warm_start': False}",0.35,RF,0
0.6462362637362637,0.05845630038876291,3,0.6449999999999999,0.00880340843082953,3,0.19453411172161172,0.2383573268795168,3,0.26,0.31908191002644204,3,0.22251365711292373,0.272787739574305,3,"{'activation': 'tanh', 'alpha': 0.0001, 'batch_size': 'auto', 'beta_1': 0.9, 'beta_2': 0.999, 'early_stopping': False, 'epsilon': 1e-08, 'hidden_layer_sizes': (10, 10), 'learning_rate': 'adaptive', 'learning_rate_init': 0.001, 'max_fun': 15000, 'max_iter': 2000, 'momentum': 0.9, 'n_iter_no_change': 10, 'nesterovs_momentum': True, 'power_t': 0.5, 'shuffle': True, 'solver': 'adam', 'tol': 0.0001, 'validation_fraction': 0.1, 'verbose': False, 'warm_start': False}",0.35,NN,0
0.5,0.0,4,0.65,0.0,2,0.0,0.0,4,0.0,0.0,4,0.0,0.0,4,"{'activation': 'tanh', 'alpha': 0.0001, 'batch_size': 'auto', 'beta_1': 0.9, 'beta_2': 0.999, 'early_stopping': False, 'epsilon': 1e-08, 'hidden_layer_sizes': (10, 10), 'learning_rate': 'adaptive', 'learning_rate_init': 0.001, 'max_fun': 15000, 'max_iter': 2000, 'momentum': 0.9, 'n_iter_no_change': 10, 'nesterovs_momentum': True, 'power_t': 0.5, 'shuffle': True, 'solver': 'lbfgs', 'tol': 0.0001, 'validation_fraction': 0.1, 'verbose': False, 'warm_start': False}",0.35,NN,0
0.6757678571428571,0.24511466970225768,2,0.643,0.04762221120443697,4,0.46872574234276365,0.2763249349905288,2,0.46571428571428575,0.37902668044584403,2,0.3669576646416603,0.28470873609797404,2,"{'activation': 'tanh', 'alpha': 0.0001, 'batch_size': 'auto', 'beta_1': 0.9, 'beta_2': 0.999, 'early_stopping': False, 'epsilon': 1e-08, 'hidden_layer_sizes': (25, 25), 'learning_rate': 'adaptive', 'learning_rate_init': 0.001, 'max_fun': 15000, 'max_iter': 2000, 'momentum': 0.9, 'n_iter_no_change': 10, 'nesterovs_momentum': True, 'power_t': 0.5, 'shuffle': True, 'solver': 'adam', 'tol': 0.0001, 'validation_fraction': 0.1, 'verbose': False, 'warm_start': False}",0.35,NN,0
0.9836552197802197,0.021406025667579057,1,0.96225,0.04253968735193055,1,0.944154265228913,0.06802163678405648,1,0.95,0.05135908003499301,1,0.9468881227660351,0.05905824964022527,1,"{'activation': 'tanh', 'alpha': 0.0001, 'batch_size': 'auto', 'beta_1': 0.9, 'beta_2': 0.999, 'early_stopping': False, 'epsilon': 1e-08, 'hidden_layer_sizes': (25, 25), 'learning_rate': 'adaptive', 'learning_rate_init': 0.001, 'max_fun': 15000, 'max_iter': 2000, 'momentum': 0.9, 'n_iter_no_change': 10, 'nesterovs_momentum': True, 'power_t': 0.5, 'shuffle': True, 'solver': 'lbfgs', 'tol': 0.0001, 'validation_fraction': 0.1, 'verbose': False, 'warm_start': False}",0.35,NN,0
0.9993379120879121,0.00021162763925905103,10,0.9894999999999999,0.0026925824035672567,10,0.9789430657945006,0.008999282776499709,10,0.9914285714285714,0.002857142857142847,7,0.9851147745502123,0.003756207127201741,10,"{'C': 1.0, 'class_weight': None, 'dual': False, 'fit_intercept': True, 'intercept_scaling': 1, 'l1_ratio': None, 'max_iter': 1000, 'multi_class': 'auto', 'n_jobs': None, 'penalty': 'l2', 'solver': 'liblinear', 'tol': 0.0001, 'verbose': 2, 'warm_start': False}",0.35,LR,0
0.9995494505494505,0.00015839049786158492,5,0.99125,0.0011180339887499207,3,0.9824050186801397,0.006532124318335815,2,0.9928571428571429,0.005050762722761035,2,0.9875712650337535,0.0015529697021853335,5,"{'C': 2.7825594022071245, 'class_weight': None, 'dual': False, 'fit_intercept': True, 'intercept_scaling': 1, 'l1_ratio': None, 'max_iter': 1000, 'multi_class': 'auto', 'n_jobs': None, 'penalty': 'l2', 'solver': 'liblinear', 'tol': 0.0001, 'verbose': 2, 'warm_start': False}",0.35,LR,0
0.9995137362637362,0.00041198258727271215,7,0.991,0.002150581316760655,6,0.9823757032750468,0.006576892892412379,6,0.9921428571428571,0.004164965639175199,6,0.9872136497354038,0.0030314812206906913,6,"{'C': 7.742636826811269, 'class_weight': None, 'dual': False, 'fit_intercept': True, 'intercept_scaling': 1, 'l1_ratio': None, 'max_iter': 1000, 'multi_class': 'auto', 'n_jobs': None, 'penalty': 'l2', 'solver': 'liblinear', 'tol': 0.0001, 'verbose': 2, 'warm_start': False}",0.35,LR,0
0.9995824175824175,0.0001519332607917682,1,0.9904999999999999,0.002692582403567273,8,0.9816645847220824,0.007103444713540404,8,0.9914285714285714,0.002857142857142847,7,0.9865070204199868,0.003788612770926814,8,"{'C': 21.544346900318832, 'class_weight': None, 'dual': False, 'fit_intercept': True, 'intercept_scaling': 1, 'l1_ratio': None, 'max_iter': 1000, 'multi_class': 'auto', 'n_jobs': None, 'penalty': 'l2', 'solver': 'liblinear', 'tol': 0.0001, 'verbose': 2, 'warm_start': False}",0.35,LR,0
0.9995714285714286,0.0001853428726365104,2,0.99125,0.0017677669529663782,3,0.9823930000380813,0.006558486568243342,3,0.9928571428571429,0.003912303982179744,2,0.9875739083182195,0.002479250124248425,3,"{'C': 59.94842503189409, 'class_weight': None, 'dual': False, 'fit_intercept': True, 'intercept_scaling': 1, 'l1_ratio': None, 'max_iter': 1000, 'multi_class': 'auto', 'n_jobs': None, 'penalty': 'l2', 'solver': 'liblinear', 'tol': 0.0001, 'verbose': 2, 'warm_start': False}",0.35,LR,0
0.9995027472527473,0.00021595224037824074,8,0.9914999999999999,0.0016583123951777082,2,0.9830921242398933,0.006692993791368668,1,0.9928571428571429,0.003912303982179744,2,0.987925339735173,0.0023171902080417585,2,"{'C': 166.81005372000593, 'class_weight': None, 'dual': False, 'fit_intercept': True, 'intercept_scaling': 1, 'l1_ratio': None, 'max_iter': 1000, 'multi_class': 'auto', 'n_jobs': None, 'penalty': 'l2', 'solver': 'liblinear', 'tol': 0.0001, 'verbose': 2, 'warm_start': False}",0.35,LR,0
0.9994532967032967,0.00032213222501025754,9,0.9897500000000001,0.0028939592256975615,9,0.9809328629283115,0.006490312054010484,9,0.99,0.004738035414793448,10,0.9854299366977678,0.004107563097937749,9,"{'C': 464.15888336127773, 'class_weight': None, 'dual': False, 'fit_intercept': True, 'intercept_scaling': 1, 'l1_ratio': None, 'max_iter': 1000, 'multi_class': 'auto', 'n_jobs': None, 'penalty': 'l2', 'solver': 'liblinear', 'tol': 0.0001, 'verbose': 2, 'warm_start': False}",0.35,LR,0
0.9995329670329671,0.0002639365082302487,6,0.99075,0.002318404623873922,7,0.982349042345013,0.006245541942051252,7,0.9914285714285714,0.002857142857142847,7,0.9868547264389411,0.00326823647084856,7,"{'C': 1291.5496650148827, 'class_weight': None, 'dual': False, 'fit_intercept': True, 'intercept_scaling': 1, 'l1_ratio': None, 'max_iter': 1000, 'multi_class': 'auto', 'n_jobs': None, 'penalty': 'l2', 'solver': 'liblinear', 'tol': 0.0001, 'verbose': 2, 'warm_start': False}",0.35,LR,0
0.9995686813186815,0.00022459526317908138,3,0.99125,0.0017677669529663782,3,0.9823930000380813,0.006558486568243342,3,0.9928571428571429,0.003912303982179744,2,0.9875739083182195,0.002479250124248425,3,"{'C': 3593.813663804626, 'class_weight': None, 'dual': False, 'fit_intercept': True, 'intercept_scaling': 1, 'l1_ratio': None, 'max_iter': 1000, 'multi_class': 'auto', 'n_jobs': None, 'penalty': 'l2', 'solver': 'liblinear', 'tol': 0.0001, 'verbose': 2, 'warm_start': False}",0.35,LR,0
0.9995576923076921,0.00024362416788347097,4,0.9915,0.0024238399287081634,1,0.9823861815557337,0.006226818208231418,5,0.9935714285714287,0.0034992710611188135,1,0.9879330571222766,0.003423599822417348,1,"{'C': 10000.0, 'class_weight': None, 'dual': False, 'fit_intercept': True, 'intercept_scaling': 1, 'l1_ratio': None, 'max_iter': 1000, 'multi_class': 'auto', 'n_jobs': None, 'penalty': 'l2', 'solver': 'liblinear', 'tol': 0.0001, 'verbose': 2, 'warm_start': False}",0.35,LR,0
0.9932050781250001,0.0028701787504089283,1,0.9880000000000001,0.002692582403567244,2,0.987467459061292,0.004348825567011017,2,0.9824999999999999,0.0070156076002011415,2,0.9849546118678514,0.0034101511792650183,2,"{'max_depth': 7, 'min_impurity_decrease': 0.0, 'min_samples_leaf': 2, 'min_samples_split': 2, 'min_weight_fraction_leaf': 0.0, 'splitter': 'best'}",0.4,DT,0
0.9898990885416665,0.0028812459280445,2,0.9882500000000001,0.0016955824957813235,1,0.9874951471816796,0.005507138594082678,1,0.983125,0.005077524002897471,1,0.9852813307453987,0.002111402297393786,1,"{'max_depth': 8, 'min_impurity_decrease': 0.0, 'min_samples_leaf': 2, 'min_samples_split': 2, 'min_weight_fraction_leaf': 0.0, 'splitter': 'best'}",0.4,DT,0
0.9974212239583332,0.001254960116039344,3,0.98475,0.003570714214271428,3,0.9855403352255498,0.005394989842967321,1,0.97625,0.009802741963348845,3,0.9808302688477426,0.004538755407956319,3,"{'bootstrap': True, 'ccp_alpha': 0.0, 'criterion': 'gini', 'max_features': 'auto', 'min_impurity_decrease': 0.0, 'min_samples_leaf': 1, 'min_samples_split': 2, 'min_weight_fraction_leaf': 0.0, 'n_estimators': 10, 'oob_score': False, 'verbose': 0, 'warm_start': False}",0.4,RF,0
0.9976705729166666,0.001198773682905918,2,0.98925,0.0034095454242464352,1,0.9838668014591059,0.0048924889083552655,3,0.9893750000000001,0.007288689868556617,1,0.9865929496719008,0.0042800424890265115,1,"{'bootstrap': True, 'ccp_alpha': 0.0, 'criterion': 'gini', 'max_features': 'auto', 'min_impurity_decrease': 0.0, 'min_samples_leaf': 1, 'min_samples_split': 2, 'min_weight_fraction_leaf': 0.0, 'n_estimators': 15, 'oob_score': False, 'verbose': 0, 'warm_start': False}",0.4,RF,0
0.9980598958333333,0.0010352217615538688,1,0.9887499999999999,0.0026220221204253653,2,0.9844384846005859,0.00388058287353328,2,0.9875,0.005229125165837967,2,0.9859563937094006,0.003281817727206508,2,"{'bootstrap': True, 'ccp_alpha': 0.0, 'criterion': 'gini', 'max_features': 'auto', 'min_impurity_decrease': 0.0, 'min_samples_leaf': 1, 'min_samples_split': 2, 'min_weight_fraction_leaf': 0.0, 'n_estimators': 20, 'oob_score': False, 'verbose': 0, 'warm_start': False}",0.4,RF,0
0.6714720052083333,0.07152813871257623,2,0.6275000000000001,0.02362466930985492,2,0.3283857863488237,0.268223992638683,2,0.396875,0.3243924609943949,2,0.35937986593690424,0.2936163040802458,2,"{'activation': 'tanh', 'alpha': 0.0001, 'batch_size': 'auto', 'beta_1': 0.9, 'beta_2': 0.999, 'early_stopping': False, 'epsilon': 1e-08, 'hidden_layer_sizes': (10, 10), 'learning_rate': 'adaptive', 'learning_rate_init': 0.001, 'max_fun': 15000, 'max_iter': 2000, 'momentum': 0.9, 'n_iter_no_change': 10, 'nesterovs_momentum': True, 'power_t': 0.5, 'shuffle': True, 'solver': 'adam', 'tol': 0.0001, 'validation_fraction': 0.1, 'verbose': False, 'warm_start': False}",0.4,NN,0
0.47962565104166666,0.03553335138908534,4,0.6,0.0,3,0.0,0.0,3,0.0,0.0,3,0.0,0.0,3,"{'activation': 'tanh', 'alpha': 0.0001, 'batch_size': 'auto', 'beta_1': 0.9, 'beta_2': 0.999, 'early_stopping': False, 'epsilon': 1e-08, 'hidden_layer_sizes': (10, 10), 'learning_rate': 'adaptive', 'learning_rate_init': 0.001, 'max_fun': 15000, 'max_iter': 2000, 'momentum': 0.9, 'n_iter_no_change': 10, 'nesterovs_momentum': True, 'power_t': 0.5, 'shuffle': True, 'solver': 'lbfgs', 'tol': 0.0001, 'validation_fraction': 0.1, 'verbose': False, 'warm_start': False}",0.4,NN,0
0.7521595052083334,0.06003035291877098,1,0.7314999999999999,0.09831518194053246,1,0.7279578357845715,0.21256589027352257,1,0.650625,0.02549509756796392,1,0.6709447057663976,0.08474723475279662,1,"{'activation': 'tanh', 'alpha': 0.0001, 'batch_size': 'auto', 'beta_1': 0.9, 'beta_2': 0.999, 'early_stopping': False, 'epsilon': 1e-08, 'hidden_layer_sizes': (25, 25), 'learning_rate': 'adaptive', 'learning_rate_init': 0.001, 'max_fun': 15000, 'max_iter': 2000, 'momentum': 0.9, 'n_iter_no_change': 10, 'nesterovs_momentum': True, 'power_t': 0.5, 'shuffle': True, 'solver': 'adam', 'tol': 0.0001, 'validation_fraction': 0.1, 'verbose': False, 'warm_start': False}",0.4,NN,0
0.5550774739583333,0.06499823949010998,3,0.6,0.0,3,0.0,0.0,3,0.0,0.0,3,0.0,0.0,3,"{'activation': 'tanh', 'alpha': 0.0001, 'batch_size': 'auto', 'beta_1': 0.9, 'beta_2': 0.999, 'early_stopping': False, 'epsilon': 1e-08, 'hidden_layer_sizes': (25, 25), 'learning_rate': 'adaptive', 'learning_rate_init': 0.001, 'max_fun': 15000, 'max_iter': 2000, 'momentum': 0.9, 'n_iter_no_change': 10, 'nesterovs_momentum': True, 'power_t': 0.5, 'shuffle': True, 'solver': 'lbfgs', 'tol': 0.0001, 'validation_fraction': 0.1, 'verbose': False, 'warm_start': False}",0.4,NN,0
0.9992200520833332,0.0003588273302737623,8,0.9905000000000002,0.0020310096011589823,10,0.982145114321073,0.0058541977566418015,10,0.994375,0.003644344934278315,5,0.98820434418367,0.0025022933651777644,10,"{'C': 1.0, 'class_weight': None, 'dual': False, 'fit_intercept': True, 'intercept_scaling': 1, 'l1_ratio': None, 'max_iter': 1000, 'multi_class': 'auto', 'n_jobs': None, 'penalty': 'l2', 'solver': 'liblinear', 'tol': 0.0001, 'verbose': 2, 'warm_start': False}",0.4,LR,0
0.9992955729166667,0.0004713901344472676,3,0.9914999999999999,0.0014577379737113435,8,0.9857524584818897,0.004141736917694864,6,0.993125,0.0012500000000000178,10,0.9894186995634439,0.0017922716358364267,8,"{'C': 2.7825594022071245, 'class_weight': None, 'dual': False, 'fit_intercept': True, 'intercept_scaling': 1, 'l1_ratio': None, 'max_iter': 1000, 'multi_class': 'auto', 'n_jobs': None, 'penalty': 'l2', 'solver': 'liblinear', 'tol': 0.0001, 'verbose': 2, 'warm_start': False}",0.4,LR,0
0.9992591145833334,0.0004787064705878354,4,0.992,0.0018708286933869782,4,0.9851900230622952,0.0055510672368931585,7,0.9949999999999999,0.003186887195995488,4,0.9900551968940074,0.0023004814984214873,4,"{'C': 7.742636826811269, 'class_weight': None, 'dual': False, 'fit_intercept': True, 'intercept_scaling': 1, 'l1_ratio': None, 'max_iter': 1000, 'multi_class': 'auto', 'n_jobs': None, 'penalty': 'l2', 'solver': 'liblinear', 'tol': 0.0001, 'verbose': 2, 'warm_start': False}",0.4,LR,0
0.9992317708333334,0.0005005659503165651,7,0.992,0.0016955824957813267,4,0.9858049441264297,0.005915216724176779,4,0.994375,0.00459279326771844,5,0.9900473575018204,0.002090627984886748,5,"{'C': 21.544346900318832, 'class_weight': None, 'dual': False, 'fit_intercept': True, 'intercept_scaling': 1, 'l1_ratio': None, 'max_iter': 1000, 'multi_class': 'auto', 'n_jobs': None, 'penalty': 'l2', 'solver': 'liblinear', 'tol': 0.0001, 'verbose': 2, 'warm_start': False}",0.4,LR,0
0.9992552083333333,0.0005533716297302199,5,0.9930000000000001,0.0023184046238739174,2,0.9870306995273838,0.005908373592032577,1,0.9956249999999999,0.003186887195995488,3,0.9912945601213392,0.002860325898938841,2,"{'C': 59.94842503189409, 'class_weight': None, 'dual': False, 'fit_intercept': True, 'intercept_scaling': 1, 'l1_ratio': None, 'max_iter': 1000, 'multi_class': 'auto', 'n_jobs': None, 'penalty': 'l2', 'solver': 'liblinear', 'tol': 0.0001, 'verbose': 2, 'warm_start': False}",0.4,LR,0
0.9991979166666667,0.0005481043969031151,10,0.99275,0.0024238399287081634,3,0.9858150951735197,0.005950529108130968,3,0.9962500000000001,0.0023385358667336992,1,0.9909931950093449,0.0029874859699585516,3,"{'C': 166.81005372000593, 'class_weight': None, 'dual': False, 'fit_intercept': True, 'intercept_scaling': 1, 'l1_ratio': None, 'max_iter': 1000, 'multi_class': 'auto', 'n_jobs': None, 'penalty': 'l2', 'solver': 'liblinear', 'tol': 0.0001, 'verbose': 2, 'warm_start': False}",0.4,LR,0
0.9992122395833334,0.0005792149073135248,9,0.99175,0.0020310096011589987,7,0.9851750373540475,0.005244700346866358,8,0.994375,0.003644344934278315,5,0.9897393501679955,0.0025112551369277872,7,"{'C': 464.15888336127773, 'class_weight': None, 'dual': False, 'fit_intercept': True, 'intercept_scaling': 1, 'l1_ratio': None, 'max_iter': 1000, 'multi_class': 'auto', 'n_jobs': None, 'penalty': 'l2', 'solver': 'liblinear', 'tol': 0.0001, 'verbose': 2, 'warm_start': False}",0.4,LR,0
0.9992473958333334,0.0005265409913592526,6,0.991,0.002423839928708163,9,0.9839443048487955,0.005582066351998456,9,0.99375,0.002795084971874727,9,0.988812038304801,0.0029943763106793056,9,"{'C': 1291.5496650148827, 'class_weight': None, 'dual': False, 'fit_intercept': True, 'intercept_scaling': 1, 'l1_ratio': None, 'max_iter': 1000, 'multi_class': 'auto', 'n_jobs': None, 'penalty': 'l2', 'solver': 'liblinear', 'tol': 0.0001, 'verbose': 2, 'warm_start': False}",0.4,LR,0
0.9993437500000001,0.0005297319251691694,1,0.992,0.0016955824957813267,4,0.9857733370706885,0.0041271938669070985,5,0.994375,0.003644344934278277,5,0.9900446020406977,0.0021058017556618547,6,"{'C': 3593.813663804626, 'class_weight': None, 'dual': False, 'fit_intercept': True, 'intercept_scaling': 1, 'l1_ratio': None, 'max_iter': 1000, 'multi_class': 'auto', 'n_jobs': None, 'penalty': 'l2', 'solver': 'liblinear', 'tol': 0.0001, 'verbose': 2, 'warm_start': False}",0.4,LR,0
0.9993216145833334,0.00047162385815936974,2,0.9932500000000001,0.0016955824957813235,1,0.987010080117843,0.0035619912317528604,2,0.9962500000000001,0.0023385358667336992,1,0.9916037620785684,0.0021002303203288197,1,"{'C': 10000.0, 'class_weight': None, 'dual': False, 'fit_intercept': True, 'intercept_scaling': 1, 'l1_ratio': None, 'max_iter': 1000, 'multi_class': 'auto', 'n_jobs': None, 'penalty': 'l2', 'solver': 'liblinear', 'tol': 0.0001, 'verbose': 2, 'warm_start': False}",0.4,LR,0
0.9927342171717172,0.0033437179216536084,2,0.99025,0.002150581316760647,2,0.9895046398235049,0.006747286439798077,2,0.9888888888888889,0.003928371006591948,1,0.9891713719955924,0.002354061090997742,2,"{'max_depth': 7, 'min_impurity_decrease': 0.0, 'min_samples_leaf': 2, 'min_samples_split': 2, 'min_weight_fraction_leaf': 0.0, 'splitter': 'best'}",0.45,DT,0
0.9938914141414141,0.003482618389605414,1,0.9904999999999999,0.002915475947422655,1,0.990582561791537,0.0061493978454868255,1,0.9883333333333333,0.004779069592801478,2,0.9894364780470924,0.0032270701866120143,1,"{'max_depth': 8, 'min_impurity_decrease': 0.0, 'min_samples_leaf': 2, 'min_samples_split': 2, 'min_weight_fraction_leaf': 0.0, 'splitter': 'best'}",0.45,DT,0
0.9985486111111112,0.0010365738681562889,2,0.9897499999999999,0.003102418411497711,2,0.9888993777120202,0.004616243159791378,1,0.9883333333333333,0.004082482904638658,3,0.9886090902961037,0.003451102563173651,2,"{'bootstrap': True, 'ccp_alpha': 0.0, 'criterion': 'gini', 'max_features': 'auto', 'min_impurity_decrease': 0.0, 'min_samples_leaf': 1, 'min_samples_split': 2, 'min_weight_fraction_leaf': 0.0, 'n_estimators': 10, 'oob_score': False, 'verbose': 0, 'warm_start': False}",0.45,RF,0
0.998550505050505,0.0010735208316906704,1,0.9894999999999999,0.003999999999999995,3,0.9840746584809095,0.007206116321721497,3,0.9927777777777778,0.002832788618662648,1,0.9883961845849731,0.0044051791865828355,3,"{'bootstrap': True, 'ccp_alpha': 0.0, 'criterion': 'gini', 'max_features': 'auto', 'min_impurity_decrease': 0.0, 'min_samples_leaf': 1, 'min_samples_split': 2, 'min_weight_fraction_leaf': 0.0, 'n_estimators': 15, 'oob_score': False, 'verbose': 0, 'warm_start': False}",0.45,RF,0
0.9985359848484849,0.001122441015388908,3,0.99125,0.003259601202601306,1,0.9878603722987485,0.005380762375108331,2,0.9927777777777778,0.002832788618662648,1,0.9903073517702186,0.0036017905521468297,1,"{'bootstrap': True, 'ccp_alpha': 0.0, 'criterion': 'gini', 'max_features': 'auto', 'min_impurity_decrease': 0.0, 'min_samples_leaf': 1, 'min_samples_split': 2, 'min_weight_fraction_leaf': 0.0, 'n_estimators': 20, 'oob_score': False, 'verbose': 0, 'warm_start': False}",0.45,RF,0
0.7077594696969698,0.02457368587059347,3,0.63475,0.016609485241873084,4,0.5779709459209684,0.025491539346081563,3,0.7305555555555555,0.1008145835031499,3,0.6405594056046248,0.026407543057674607,3,"{'activation': 'tanh', 'alpha': 0.0001, 'batch_size': 'auto', 'beta_1': 0.9, 'beta_2': 0.999, 'early_stopping': False, 'epsilon': 1e-08, 'hidden_layer_sizes': (10, 10), 'learning_rate': 'adaptive', 'learning_rate_init': 0.001, 'max_fun': 15000, 'max_iter': 2000, 'momentum': 0.9, 'n_iter_no_change': 10, 'nesterovs_momentum': True, 'power_t': 0.5, 'shuffle': True, 'solver': 'adam', 'tol': 0.0001, 'validation_fraction': 0.1, 'verbose': False, 'warm_start': False}",0.45,NN,0
0.9915,0.002458682524887688,1,0.9817499999999999,0.00835164654424502,1,0.9816502929815669,0.01124034589986018,1,0.9777777777777776,0.00842541716005728,1,0.9796968128995861,0.009245335521908031,1,"{'activation': 'tanh', 'alpha': 0.0001, 'batch_size': 'auto', 'beta_1': 0.9, 'beta_2': 0.999, 'early_stopping': False, 'epsilon': 1e-08, 'hidden_layer_sizes': (10, 10), 'learning_rate': 'adaptive', 'learning_rate_init': 0.001, 'max_fun': 15000, 'max_iter': 2000, 'momentum': 0.9, 'n_iter_no_change': 10, 'nesterovs_momentum': True, 'power_t': 0.5, 'shuffle': True, 'solver': 'lbfgs', 'tol': 0.0001, 'validation_fraction': 0.1, 'verbose': False, 'warm_start': False}",0.45,NN,0
0.7770991161616162,0.11198152567079778,2,0.71775,0.1372279126125585,2,0.6779853454323574,0.15619875015537524,2,0.7483333333333333,0.14773600077816484,2,0.7068444102506632,0.14301988330084253,2,"{'activation': 'tanh', 'alpha': 0.0001, 'batch_size': 'auto', 'beta_1': 0.9, 'beta_2': 0.999, 'early_stopping': False, 'epsilon': 1e-08, 'hidden_layer_sizes': (25, 25), 'learning_rate': 'adaptive', 'learning_rate_init': 0.001, 'max_fun': 15000, 'max_iter': 2000, 'momentum': 0.9, 'n_iter_no_change': 10, 'nesterovs_momentum': True, 'power_t': 0.5, 'shuffle': True, 'solver': 'adam', 'tol': 0.0001, 'validation_fraction': 0.1, 'verbose': False, 'warm_start': False}",0.45,NN,0
0.6099311868686869,0.19327731819912128,4,0.6379999999999999,0.176,3,0.19723756906077347,0.39447513812154694,4,0.19833333333333333,0.39666666666666667,4,0.19778393351800552,0.39556786703601104,4,"{'activation': 'tanh', 'alpha': 0.0001, 'batch_size': 'auto', 'beta_1': 0.9, 'beta_2': 0.999, 'early_stopping': False, 'epsilon': 1e-08, 'hidden_layer_sizes': (25, 25), 'learning_rate': 'adaptive', 'learning_rate_init': 0.001, 'max_fun': 15000, 'max_iter': 2000, 'momentum': 0.9, 'n_iter_no_change': 10, 'nesterovs_momentum': True, 'power_t': 0.5, 'shuffle': True, 'solver': 'lbfgs', 'tol': 0.0001, 'validation_fraction': 0.1, 'verbose': False, 'warm_start': False}",0.45,NN,0
0.9992285353535353,0.0002771860087754943,10,0.99225,0.0037416573867739417,10,0.9868339062629788,0.0069762640263496345,10,0.9961111111111112,0.0022222222222222144,9,0.9914405932275073,0.00411831650507221,10,"{'C': 1.0, 'class_weight': None, 'dual': False, 'fit_intercept': True, 'intercept_scaling': 1, 'l1_ratio': None, 'max_iter': 1000, 'multi_class': 'auto', 'n_jobs': None, 'penalty': 'l2', 'solver': 'liblinear', 'tol': 0.0001, 'verbose': 2, 'warm_start': False}",0.45,LR,0
0.9993093434343436,0.00028212281243782496,6,0.99375,0.002236067977499804,7,0.9890333220455009,0.006457709053798553,7,0.9972222222222221,0.0017568209223157599,1,0.9930942244220595,0.0024524454969387043,7,"{'C': 2.7825594022071245, 'class_weight': None, 'dual': False, 'fit_intercept': True, 'intercept_scaling': 1, 'l1_ratio': None, 'max_iter': 1000, 'multi_class': 'auto', 'n_jobs': None, 'penalty': 'l2', 'solver': 'liblinear', 'tol': 0.0001, 'verbose': 2, 'warm_start': False}",0.45,LR,0
0.9993775252525253,0.00033649878226564973,2,0.9940000000000001,0.0021505813167606753,2,0.9895767180434423,0.006314519728870452,2,0.9972222222222221,0.0017568209223157599,1,0.9933685571211417,0.0023574418186215027,2,"{'C': 7.742636826811269, 'class_weight': None, 'dual': False, 'fit_intercept': True, 'intercept_scaling': 1, 'l1_ratio': None, 'max_iter': 1000, 'multi_class': 'auto', 'n_jobs': None, 'penalty': 'l2', 'solver': 'liblinear', 'tol': 0.0001, 'verbose': 2, 'warm_start': False}",0.45,LR,0
0.9993030303030302,0.0003512416575083544,7,0.9940000000000001,0.0021505813167606753,2,0.9895767180434423,0.006314519728870452,2,0.9972222222222221,0.0017568209223157599,1,0.9933685571211417,0.0023574418186215027,2,"{'C': 21.544346900318832, 'class_weight': None, 'dual': False, 'fit_intercept': True, 'intercept_scaling': 1, 'l1_ratio': None, 'max_iter': 1000, 'multi_class': 'auto', 'n_jobs': None, 'penalty': 'l2', 'solver': 'liblinear', 'tol': 0.0001, 'verbose': 2, 'warm_start': False}",0.45,LR,0
0.9993320707070709,0.0003153887752976071,4,0.9940000000000001,0.0021505813167606753,2,0.9895767180434423,0.006314519728870452,2,0.9972222222222221,0.0017568209223157599,1,0.9933685571211417,0.0023574418186215027,2,"{'C': 59.94842503189409, 'class_weight': None, 'dual': False, 'fit_intercept': True, 'intercept_scaling': 1, 'l1_ratio': None, 'max_iter': 1000, 'multi_class': 'auto', 'n_jobs': None, 'penalty': 'l2', 'solver': 'liblinear', 'tol': 0.0001, 'verbose': 2, 'warm_start': False}",0.45,LR,0
0.9993926767676766,0.00036033327259640433,1,0.9932500000000001,0.001274754878398204,8,0.9890164939538064,0.0054267684894849485,8,0.9961111111111112,0.003767961101736247,9,0.9925309600457386,0.0013860490686179846,9,"{'C': 166.81005372000593, 'class_weight': None, 'dual': False, 'fit_intercept': True, 'intercept_scaling': 1, 'l1_ratio': None, 'max_iter': 1000, 'multi_class': 'auto', 'n_jobs': None, 'penalty': 'l2', 'solver': 'liblinear', 'tol': 0.0001, 'verbose': 2, 'warm_start': False}",0.45,LR,0
0.9992449494949496,0.0004302684993495579,9,0.9932500000000001,0.0030207614933986577,8,0.9884883543523388,0.007198802654565673,9,0.9966666666666667,0.002078698548207738,8,0.992543257063988,0.0033189092732148822,8,"{'C': 464.15888336127773, 'class_weight': None, 'dual': False, 'fit_intercept': True, 'intercept_scaling': 1, 'l1_ratio': None, 'max_iter': 1000, 'multi_class': 'auto', 'n_jobs': None, 'penalty': 'l2', 'solver': 'liblinear', 'tol': 0.0001, 'verbose': 2, 'warm_start': False}",0.45,LR,0
0.9993573232323232,0.0003371330342571846,3,0.9940000000000001,0.0021505813167606753,2,0.9895767180434423,0.006314519728870452,2,0.9972222222222221,0.0017568209223157599,1,0.9933685571211417,0.0023574418186215027,2,"{'C': 1291.5496650148827, 'class_weight': None, 'dual': False, 'fit_intercept': True, 'intercept_scaling': 1, 'l1_ratio': None, 'max_iter': 1000, 'multi_class': 'auto', 'n_jobs': None, 'penalty': 'l2', 'solver': 'liblinear', 'tol': 0.0001, 'verbose': 2, 'warm_start': False}",0.45,LR,0
0.9993219696969696,0.0003911819122096004,5,0.9942500000000001,0.0018708286933869693,1,0.99011274341531,0.005634616670897339,1,0.9972222222222221,0.0017568209223157599,1,0.993641386704963,0.0020542258252227415,1,"{'C': 3593.813663804626, 'class_weight': None, 'dual': False, 'fit_intercept': True, 'intercept_scaling': 1, 'l1_ratio': None, 'max_iter': 1000, 'multi_class': 'auto', 'n_jobs': None, 'penalty': 'l2', 'solver': 'liblinear', 'tol': 0.0001, 'verbose': 2, 'warm_start': False}",0.45,LR,0
0.9992916666666666,0.00036088588724115356,8,0.9940000000000001,0.0021505813167606753,2,0.9895767180434423,0.006314519728870452,2,0.9972222222222221,0.0017568209223157599,1,0.9933685571211417,0.0023574418186215027,2,"{'C': 10000.0, 'class_weight': None, 'dual': False, 'fit_intercept': True, 'intercept_scaling': 1, 'l1_ratio': None, 'max_iter': 1000, 'multi_class': 'auto', 'n_jobs': None, 'penalty': 'l2', 'solver': 'liblinear', 'tol': 0.0001, 'verbose': 2, 'warm_start': False}",0.45,LR,0
0.993960625,0.00262769846419832,2,0.99025,0.0026692695630078523,2,0.9910524293945346,0.006706053992741287,2,0.9894999999999999,0.004847679857416354,2,0.9902481630398953,0.0026545719701303446,2,"{'max_depth': 7, 'min_impurity_decrease': 0.0, 'min_samples_leaf': 2, 'min_samples_split': 2, 'min_weight_fraction_leaf': 0.0, 'splitter': 'best'}",0.5,DT,0
0.9946906250000002,0.001468518598792676,1,0.99075,0.0020310096011589987,1,0.9915485810702332,0.006105177915182183,1,0.99,0.0050000000000000044,1,0.9907462636412167,0.0020176611054789836,1,"{'max_depth': 8, 'min_impurity_decrease': 0.0, 'min_samples_leaf': 2, 'min_samples_split': 2, 'min_weight_fraction_leaf': 0.0, 'splitter': 'best'}",0.5,DT,0
0.997453125,0.000775785891854203,3,0.9887500000000001,0.002236067977499804,3,0.9870679910189895,0.004234402793405178,2,0.9904999999999999,0.0033166247903554094,3,0.9887714212729175,0.0022289779001073754,3,"{'bootstrap': True, 'ccp_alpha': 0.0, 'criterion': 'gini', 'max_features': 'auto', 'min_impurity_decrease': 0.0, 'min_samples_leaf': 1, 'min_samples_split': 2, 'min_weight_fraction_leaf': 0.0, 'n_estimators': 10, 'oob_score': False, 'verbose': 0, 'warm_start': False}",0.5,RF,0
0.99845375,0.0009470604191392126,2,0.99025,0.0034820970692960194,2,0.9856578495378049,0.005005534347135259,3,0.9949999999999999,0.0038729833462074204,1,0.9902987378626001,0.0034672505904343206,2,"{'bootstrap': True, 'ccp_alpha': 0.0, 'criterion': 'gini', 'max_features': 'auto', 'min_impurity_decrease': 0.0, 'min_samples_leaf': 1, 'min_samples_split': 2, 'min_weight_fraction_leaf': 0.0, 'n_estimators': 15, 'oob_score': False, 'verbose': 0, 'warm_start': False}",0.5,RF,0
0.9985581250000001,0.0008660493093641008,1,0.991,0.0016583123951777014,1,0.9876013952455219,0.00345556883139246,1,0.9945,0.0018708286933869665,2,0.9910335776159706,0.0016419271453549473,1,"{'bootstrap': True, 'ccp_alpha': 0.0, 'criterion': 'gini', 'max_features': 'auto', 'min_impurity_decrease': 0.0, 'min_samples_leaf': 1, 'min_samples_split': 2, 'min_weight_fraction_leaf': 0.0, 'n_estimators': 20, 'oob_score': False, 'verbose': 0, 'warm_start': False}",0.5,RF,0
0.6327206249999999,0.07168035403572932,3,0.63175,0.015724185193516385,2,0.6130010508307258,0.0310224605837874,3,0.7505,0.11973303637676615,2,0.6678065645369174,0.02680894873873318,2,"{'activation': 'tanh', 'alpha': 0.0001, 'batch_size': 'auto', 'beta_1': 0.9, 'beta_2': 0.999, 'early_stopping': False, 'epsilon': 1e-08, 'hidden_layer_sizes': (10, 10), 'learning_rate': 'adaptive', 'learning_rate_init': 0.001, 'max_fun': 15000, 'max_iter': 2000, 'momentum': 0.9, 'n_iter_no_change': 10, 'nesterovs_momentum': True, 'power_t': 0.5, 'shuffle': True, 'solver': 'adam', 'tol': 0.0001, 'validation_fraction': 0.1, 'verbose': False, 'warm_start': False}",0.5,NN,0
0.9180075000000001,0.07899475154638437,1,0.87325,0.11159245046148956,1,0.8763368306142091,0.10462625832935828,1,0.8654999999999999,0.13258393567849766,1,0.8700115302805841,0.1169929133715569,1,"{'activation': 'tanh', 'alpha': 0.0001, 'batch_size': 'auto', 'beta_1': 0.9, 'beta_2': 0.999, 'early_stopping': False, 'epsilon': 1e-08, 'hidden_layer_sizes': (10, 10), 'learning_rate': 'adaptive', 'learning_rate_init': 0.001, 'max_fun': 15000, 'max_iter': 2000, 'momentum': 0.9, 'n_iter_no_change': 10, 'nesterovs_momentum': True, 'power_t': 0.5, 'shuffle': True, 'solver': 'lbfgs', 'tol': 0.0001, 'validation_fraction': 0.1, 'verbose': False, 'warm_start': False}",0.5,NN,0
0.707465625,0.09167923184004786,2,0.61825,0.11199776783489926,3,0.6313189958612153,0.3466821106546676,2,0.3895,0.30912537909398513,3,0.418426125815366,0.3271567673026835,3,"{'activation': 'tanh', 'alpha': 0.0001, 'batch_size': 'auto', 'beta_1': 0.9, 'beta_2': 0.999, 'early_stopping': False, 'epsilon': 1e-08, 'hidden_layer_sizes': (25, 25), 'learning_rate': 'adaptive', 'learning_rate_init': 0.001, 'max_fun': 15000, 'max_iter': 2000, 'momentum': 0.9, 'n_iter_no_change': 10, 'nesterovs_momentum': True, 'power_t': 0.5, 'shuffle': True, 'solver': 'adam', 'tol': 0.0001, 'validation_fraction': 0.1, 'verbose': False, 'warm_start': False}",0.5,NN,0
0.5983124999999999,0.1747554794831195,4,0.57375,0.1475,4,0.2728395061728395,0.35344883412131406,4,0.375,0.4609772228646444,4,0.30724637681159417,0.3817293364209699,4,"{'activation': 'tanh', 'alpha': 0.0001, 'batch_size': 'auto', 'beta_1': 0.9, 'beta_2': 0.999, 'early_stopping': False, 'epsilon': 1e-08, 'hidden_layer_sizes': (25, 25), 'learning_rate': 'adaptive', 'learning_rate_init': 0.001, 'max_fun': 15000, 'max_iter': 2000, 'momentum': 0.9, 'n_iter_no_change': 10, 'nesterovs_momentum': True, 'power_t': 0.5, 'shuffle': True, 'solver': 'lbfgs', 'tol': 0.0001, 'validation_fraction': 0.1, 'verbose': False, 'warm_start': False}",0.5,NN,0
0.9991237500000001,0.00034185614664653896,10,0.9925,0.0034460121880225624,10,0.9881380667809925,0.005868843363001983,10,0.9970000000000001,0.0018708286933869782,3,0.9925415811450924,0.0034058119290622147,10,"{'C': 1.0, 'class_weight': None, 'dual': False, 'fit_intercept': True, 'intercept_scaling': 1, 'l1_ratio': None, 'max_iter': 1000, 'multi_class': 'auto', 'n_jobs': None, 'penalty': 'l2', 'solver': 'liblinear', 'tol': 0.0001, 'verbose': 2, 'warm_start': False}",0.5,LR,0
0.999255,0.0003903403963209396,5,0.994,0.001999999999999988,1,0.9901097504931828,0.0049011426696489255,7,0.998,0.0018708286933869665,1,0.9940291756711194,0.0019750710650222815,1,"{'C': 2.7825594022071245, 'class_weight': None, 'dual': False, 'fit_intercept': True, 'intercept_scaling': 1, 'l1_ratio': None, 'max_iter': 1000, 'multi_class': 'auto', 'n_jobs': None, 'penalty': 'l2', 'solver': 'liblinear', 'tol': 0.0001, 'verbose': 2, 'warm_start': False}",0.5,LR,0
0.9992587500000001,0.0004765369870219692,4,0.99375,0.0017677669529663625,2,0.9901060469266483,0.0048992995303507566,8,0.9975000000000002,0.001581138830084191,2,0.9937788674441773,0.0017414728616169193,2,"{'C': 7.742636826811269, 'class_weight': None, 'dual': False, 'fit_intercept': True, 'intercept_scaling': 1, 'l1_ratio': None, 'max_iter': 1000, 'multi_class': 'auto', 'n_jobs': None, 'penalty': 'l2', 'solver': 'liblinear', 'tol': 0.0001, 'verbose': 2, 'warm_start': False}",0.5,LR,0
0.9992725,0.00046946778377221943,2,0.99375,0.0017677669529663625,2,0.990598584240081,0.005231489926873942,1,0.9970000000000001,0.0018708286933869782,3,0.9937763736785913,0.0017397126135830574,3,"{'C': 21.544346900318832, 'class_weight': None, 'dual': False, 'fit_intercept': True, 'intercept_scaling': 1, 'l1_ratio': None, 'max_iter': 1000, 'multi_class': 'auto', 'n_jobs': None, 'penalty': 'l2', 'solver': 'liblinear', 'tol': 0.0001, 'verbose': 2, 'warm_start': False}",0.5,LR,0
0.9992912500000001,0.00044332902566825746,1,0.99375,0.0017677669529663625,2,0.990598584240081,0.005231489926873942,1,0.9970000000000001,0.0018708286933869782,3,0.9937763736785913,0.0017397126135830574,3,"{'C': 59.94842503189409, 'class_weight': None, 'dual': False, 'fit_intercept': True, 'intercept_scaling': 1, 'l1_ratio': None, 'max_iter': 1000, 'multi_class': 'auto', 'n_jobs': None, 'penalty': 'l2', 'solver': 'liblinear', 'tol': 0.0001, 'verbose': 2, 'warm_start': False}",0.5,LR,0
0.9992725,0.000528863758448215,2,0.9935,0.0016583123951776947,9,0.9901023248884601,0.004897457786321926,9,0.9970000000000001,0.0018708286933869782,3,0.9935279342279048,0.0016326342267075343,9,"{'C': 166.81005372000593, 'class_weight': None, 'dual': False, 'fit_intercept': True, 'intercept_scaling': 1, 'l1_ratio': None, 'max_iter': 1000, 'multi_class': 'auto', 'n_jobs': None, 'penalty': 'l2', 'solver': 'liblinear', 'tol': 0.0001, 'verbose': 2, 'warm_start': False}",0.5,LR,0
0.99925375,0.0005188870300941683,6,0.99375,0.0017677669529663625,2,0.990598584240081,0.005231489926873942,1,0.9970000000000001,0.0018708286933869782,3,0.9937763736785913,0.0017397126135830574,3,"{'C': 464.15888336127773, 'class_weight': None, 'dual': False, 'fit_intercept': True, 'intercept_scaling': 1, 'l1_ratio': None, 'max_iter': 1000, 'multi_class': 'auto', 'n_jobs': None, 'penalty': 'l2', 'solver': 'liblinear', 'tol': 0.0001, 'verbose': 2, 'warm_start': False}",0.5,LR,0
0.9991825000000002,0.0005229483722127947,9,0.99375,0.0017677669529663625,2,0.990598584240081,0.005231489926873942,1,0.9970000000000001,0.0018708286933869782,3,0.9937763736785913,0.0017397126135830574,3,"{'C': 1291.5496650148827, 'class_weight': None, 'dual': False, 'fit_intercept': True, 'intercept_scaling': 1, 'l1_ratio': None, 'max_iter': 1000, 'multi_class': 'auto', 'n_jobs': None, 'penalty': 'l2', 'solver': 'liblinear', 'tol': 0.0001, 'verbose': 2, 'warm_start': False}",0.5,LR,0
0.9992075,0.0005621721266658112,8,0.99375,0.001581138830084191,2,0.9905924607506815,0.004745140743387039,6,0.9970000000000001,0.0018708286933869782,3,0.9937751415288842,0.001555687285658955,8,"{'C': 3593.813663804626, 'class_weight': None, 'dual': False, 'fit_intercept': True, 'intercept_scaling': 1, 'l1_ratio': None, 'max_iter': 1000, 'multi_class': 'auto', 'n_jobs': None, 'penalty': 'l2', 'solver': 'liblinear', 'tol': 0.0001, 'verbose': 2, 'warm_start': False}",0.5,LR,0
0.9992162500000001,0.0005081922618458474,7,0.99375,0.0017677669529663625,2,0.990598584240081,0.005231489926873942,1,0.9970000000000001,0.0018708286933869782,3,0.9937763736785913,0.0017397126135830574,3,"{'C': 10000.0, 'class_weight': None, 'dual': False, 'fit_intercept': True, 'intercept_scaling': 1, 'l1_ratio': None, 'max_iter': 1000, 'multi_class': 'auto', 'n_jobs': None, 'penalty': 'l2', 'solver': 'liblinear', 'tol': 0.0001, 'verbose': 2, 'warm_start': False}",0.5,LR,0
